CDO_amari_metals_ltd__sytzwr - 65f8da2a-5f4d-4d09-a989-ce6d1c3adb0d,Processing Time UTC,Time Interval,Event Count,,,,,CDO_dfds - b75ee6bf-999f-41dc-a002-a1a9009d2ad6,Processing Time UTC,Time Interval,Event Count,,,,,CDO_lolland_kommune - 7a921b5d-72bf-4fcb-a6fb-e1e34de31ec7,Processing Time UTC,Time Interval,Event Count,,,,,CDO_trusteddata - 040f6579-8ce0-4cd7-bb56-fc5f816a02da,Processing Time UTC,Time Interval,Event Count,,,,,CDO_vibracoustic__somqf0 - d4fba51f-d37e-4c69-be57-309e31d0d320,Processing Time UTC,Time Interval,Event Count
s3://eu-prod-swc-compressed-staged-data-eu-central-1/eu-prod-65f8da2a-5f4d-4d09-a989-ce6d1c3adb0d-data/2025/08/26/07/FTD/eu-prod-65f8da2a-5f4d-4d09-a989-ce6d1c3adb0d-compressed-1-2025-08-26-07-30-37-74bd7f23-45b8-312e-af64-04b434e5a8b7.json.gz,2025-08-26 07:38:03,1.95m,3887,,,,,s3://eu-prod-swc-compressed-staged-data-eu-central-1/eu-prod-b75ee6bf-999f-41dc-a002-a1a9009d2ad6-data/2025/08/26/07/FTD/eu-prod-b75ee6bf-999f-41dc-a002-a1a9009d2ad6-compressed-1-2025-08-26-07-32-02-aa512a5c-5697-34dd-bc52-920cad4a445e.json.gz,2025-08-26 07:39:10,3.67m,67857,,,,,s3://eu-prod-swc-compressed-staged-data-eu-central-1/eu-prod-7a921b5d-72bf-4fcb-a6fb-e1e34de31ec7-data/2025/08/26/07/FTD/eu-prod-7a921b5d-72bf-4fcb-a6fb-e1e34de31ec7-compressed-1-2025-08-26-07-30-53-a52f091f-611b-3482-a15a-a58792563ead.json.gz,2025-08-26 07:38:19,7.10m,4943,,,,,s3://eu-prod-swc-compressed-staged-data-eu-central-1/eu-prod-040f6579-8ce0-4cd7-bb56-fc5f816a02da-data/2025/08/26/07/FTD/eu-prod-040f6579-8ce0-4cd7-bb56-fc5f816a02da-compressed-1-2025-08-26-07-35-31-12b0bd40-6dc4-38a9-8ccf-c97f5a4d9657.json.gz,2025-08-26 07:42:54,6.27m,55,,,,,s3://eu-prod-swc-compressed-staged-data-eu-central-1/eu-prod-d4fba51f-d37e-4c69-be57-309e31d0d320-data/2025/08/26/07/FTD/eu-prod-d4fba51f-d37e-4c69-be57-309e31d0d320-compressed-1-2025-08-26-07-36-08-38ede7d8-17ec-3520-8bbc-373e2574345f.json.gz,2025-08-26 07:43:37,6.10m,7634
s3://eu-prod-swc-compressed-staged-data-eu-central-1/eu-prod-65f8da2a-5f4d-4d09-a989-ce6d1c3adb0d-data/2025/08/26/06/FTD/eu-prod-65f8da2a-5f4d-4d09-a989-ce6d1c3adb0d-compressed-1-2025-08-26-07-29-37-4e0039fc-725a-3d33-b72c-b1637ef1993f.json.gz,2025-08-26 07:36:06,4.07m,7,,,,,s3://eu-prod-swc-compressed-staged-data-eu-central-1/eu-prod-b75ee6bf-999f-41dc-a002-a1a9009d2ad6-data/2025/08/26/06/FTD/eu-prod-b75ee6bf-999f-41dc-a002-a1a9009d2ad6-compressed-1-2025-08-26-07-28-26-cd6abf40-4f93-3767-9c69-984af15159ea.json.gz,2025-08-26 07:35:30,1.00m,60,,,,,s3://eu-prod-swc-compressed-staged-data-eu-central-1/eu-prod-7a921b5d-72bf-4fcb-a6fb-e1e34de31ec7-data/2025/08/26/06/FTD/eu-prod-7a921b5d-72bf-4fcb-a6fb-e1e34de31ec7-compressed-1-2025-08-26-07-24-49-a04cae6b-35a9-3f28-9472-96ab13421d61.json.gz,2025-08-26 07:31:13,0.00s,3,,,,,s3://eu-prod-swc-compressed-staged-data-eu-central-1/eu-prod-040f6579-8ce0-4cd7-bb56-fc5f816a02da-data/2025/08/26/07/FTD/eu-prod-040f6579-8ce0-4cd7-bb56-fc5f816a02da-compressed-1-2025-08-26-07-29-10-bb1706ce-170a-336a-9746-0bf4dc6bf4f3.json.gz,2025-08-26 07:36:38,3.00s,346,,,,,s3://eu-prod-swc-compressed-staged-data-eu-central-1/eu-prod-d4fba51f-d37e-4c69-be57-309e31d0d320-data/2025/08/26/06/FTD/eu-prod-d4fba51f-d37e-4c69-be57-309e31d0d320-compressed-1-2025-08-26-07-30-07-32af3bcb-61e3-3a7d-9937-2ce7573cd6b1.json.gz,2025-08-26 07:37:31,0.00s,3
s3://eu-prod-swc-compressed-staged-data-eu-central-1/eu-prod-65f8da2a-5f4d-4d09-a989-ce6d1c3adb0d-data/2025/08/26/07/FTD/eu-prod-65f8da2a-5f4d-4d09-a989-ce6d1c3adb0d-compressed-1-2025-08-26-07-24-37-40df3406-828c-3e3f-ad37-c8a3f974da56.json.gz,2025-08-26 07:32:02,6.00m,4405,,,,,s3://eu-prod-swc-compressed-staged-data-eu-central-1/eu-prod-b75ee6bf-999f-41dc-a002-a1a9009d2ad6-data/2025/08/26/05/FTD/eu-prod-b75ee6bf-999f-41dc-a002-a1a9009d2ad6-compressed-buffered-1-2025-08-26-07-14-36-f8f3c229-779c-3a27-84ae-a00af3dfa53f.json.gz,2025-08-26 07:34:30,42.00s,1,,,,,s3://eu-prod-swc-compressed-staged-data-eu-central-1/eu-prod-7a921b5d-72bf-4fcb-a6fb-e1e34de31ec7-data/2025/08/26/07/FTD/eu-prod-7a921b5d-72bf-4fcb-a6fb-e1e34de31ec7-compressed-1-2025-08-26-07-23-46-a251a264-8418-387a-8789-b1707043cfdf.json.gz,2025-08-26 07:31:13,47.00s,1166,,,,,s3://eu-prod-swc-compressed-staged-data-eu-central-1/eu-prod-040f6579-8ce0-4cd7-bb56-fc5f816a02da-data/2025/08/26/06/FTD/eu-prod-040f6579-8ce0-4cd7-bb56-fc5f816a02da-compressed-1-2025-08-26-07-29-10-95a8d77b-4b05-3c56-b288-d63cdf2279d6.json.gz,2025-08-26 07:36:35,6.72m,8,,,,,s3://eu-prod-swc-compressed-staged-data-eu-central-1/eu-prod-d4fba51f-d37e-4c69-be57-309e31d0d320-data/2025/08/26/07/FTD/eu-prod-d4fba51f-d37e-4c69-be57-309e31d0d320-compressed-1-2025-08-26-07-30-07-8e2f4374-20de-3bcb-87fc-6648fb6d03b4.json.gz,2025-08-26 07:37:31,5.90m,10710
s3://eu-prod-swc-compressed-staged-data-eu-central-1/eu-prod-65f8da2a-5f4d-4d09-a989-ce6d1c3adb0d-data/2025/08/26/07/FTD/eu-prod-65f8da2a-5f4d-4d09-a989-ce6d1c3adb0d-compressed-1-2025-08-26-07-18-38-76422b4e-faac-375a-85c4-158eef9c51fd.json.gz,2025-08-26 07:26:02,4.02m,5155,,,,,s3://eu-prod-swc-compressed-staged-data-eu-central-1/eu-prod-b75ee6bf-999f-41dc-a002-a1a9009d2ad6-data/2025/08/26/07/FTD/eu-prod-b75ee6bf-999f-41dc-a002-a1a9009d2ad6-compressed-1-2025-08-26-07-26-39-8a00cbcc-8c1a-3476-a15c-23bfdd678e3a.json.gz,2025-08-26 07:33:48,3.58m,60919,,,,,s3://eu-prod-swc-compressed-staged-data-eu-central-1/eu-prod-7a921b5d-72bf-4fcb-a6fb-e1e34de31ec7-data/2025/08/26/05/FTD/eu-prod-7a921b5d-72bf-4fcb-a6fb-e1e34de31ec7-compressed-buffered-1-2025-08-26-07-10-33-b0d51a4d-88b8-3c97-948d-e6a3d6b62d7e.json.gz,2025-08-26 07:30:26,5.45m,4,,,,,s3://eu-prod-swc-compressed-staged-data-eu-central-1/eu-prod-040f6579-8ce0-4cd7-bb56-fc5f816a02da-data/2025/08/26/06/FTD/eu-prod-040f6579-8ce0-4cd7-bb56-fc5f816a02da-compressed-1-2025-08-26-07-22-20-1b556a64-3b0c-3881-b036-56f6d54e6d4f.json.gz,2025-08-26 07:29:52,5.00s,17,,,,,s3://eu-prod-swc-compressed-staged-data-eu-central-1/eu-prod-d4fba51f-d37e-4c69-be57-309e31d0d320-data/2025/08/26/06/FTD/eu-prod-d4fba51f-d37e-4c69-be57-309e31d0d320-compressed-1-2025-08-26-07-24-11-6473d5db-0b25-3d16-94ef-2d9d89bf7e63.json.gz,2025-08-26 07:31:37,1.00s,17
s3://eu-prod-swc-compressed-staged-data-eu-central-1/eu-prod-65f8da2a-5f4d-4d09-a989-ce6d1c3adb0d-data/2025/08/26/06/FTD/eu-prod-65f8da2a-5f4d-4d09-a989-ce6d1c3adb0d-compressed-1-2025-08-26-07-15-38-35360ba9-668f-3c6a-80c7-5356c29379e7.json.gz,2025-08-26 07:22:01,1.93m,4,,,,,s3://eu-prod-swc-compressed-staged-data-eu-central-1/eu-prod-b75ee6bf-999f-41dc-a002-a1a9009d2ad6-data/2025/08/26/06/FTD/eu-prod-b75ee6bf-999f-41dc-a002-a1a9009d2ad6-compressed-1-2025-08-26-07-23-13-1995dda7-f825-3a8d-b7de-6c070e05dc7f.json.gz,2025-08-26 07:30:13,1.65m,77,,,,,s3://eu-prod-swc-compressed-staged-data-eu-central-1/eu-prod-7a921b5d-72bf-4fcb-a6fb-e1e34de31ec7-data/2025/08/26/07/FTD/eu-prod-7a921b5d-72bf-4fcb-a6fb-e1e34de31ec7-compressed-1-2025-08-26-07-17-34-a28cb537-85c1-38f2-8f85-b967282d44ff.json.gz,2025-08-26 07:24:59,3.68m,995,,,,,s3://eu-prod-swc-compressed-staged-data-eu-central-1/eu-prod-040f6579-8ce0-4cd7-bb56-fc5f816a02da-data/2025/08/26/07/FTD/eu-prod-040f6579-8ce0-4cd7-bb56-fc5f816a02da-compressed-1-2025-08-26-07-22-20-1da972c0-1905-3dce-80c0-a80a3333e645.json.gz,2025-08-26 07:29:47,6.58m,174,,,,,s3://eu-prod-swc-compressed-staged-data-eu-central-1/eu-prod-d4fba51f-d37e-4c69-be57-309e31d0d320-data/2025/08/26/07/FTD/eu-prod-d4fba51f-d37e-4c69-be57-309e31d0d320-compressed-1-2025-08-26-07-24-11-30ce245a-14b4-30d3-98b7-194d6ec59ab3.json.gz,2025-08-26 07:31:36,5.92m,6380
s3://eu-prod-swc-compressed-staged-data-eu-central-1/eu-prod-65f8da2a-5f4d-4d09-a989-ce6d1c3adb0d-data/2025/08/26/07/FTD/eu-prod-65f8da2a-5f4d-4d09-a989-ce6d1c3adb0d-compressed-1-2025-08-26-07-12-38-fef73a44-697b-3d1e-8665-9457abc9b8c1.json.gz,2025-08-26 07:20:05,6.00m,6465,,,,,s3://eu-prod-swc-compressed-staged-data-eu-central-1/eu-prod-b75ee6bf-999f-41dc-a002-a1a9009d2ad6-data/2025/08/26/07/FTD/eu-prod-b75ee6bf-999f-41dc-a002-a1a9009d2ad6-compressed-1-2025-08-26-07-21-28-5140d4b2-38df-3ec2-86c5-3e0806860ddc.json.gz,2025-08-26 07:28:34,3.52m,61363,,,,,s3://eu-prod-swc-compressed-staged-data-eu-central-1/eu-prod-7a921b5d-72bf-4fcb-a6fb-e1e34de31ec7-data/2025/08/26/03/FTD/eu-prod-7a921b5d-72bf-4fcb-a6fb-e1e34de31ec7-compressed-buffered-1-2025-08-26-07-01-26-95764337-4ab9-33f3-a3b3-74c7dd3cc79f.json.gz,2025-08-26 07:21:18,18.00s,1,,,,,s3://eu-prod-swc-compressed-staged-data-eu-central-1/eu-prod-040f6579-8ce0-4cd7-bb56-fc5f816a02da-data/2025/08/26/07/FTD/eu-prod-040f6579-8ce0-4cd7-bb56-fc5f816a02da-compressed-1-2025-08-26-07-15-44-88fd9191-c99a-30d7-ad29-ebbe4a02274d.json.gz,2025-08-26 07:23:12,4.00s,276,,,,,s3://eu-prod-swc-compressed-staged-data-eu-central-1/eu-prod-d4fba51f-d37e-4c69-be57-309e31d0d320-data/2025/08/26/07/FTD/eu-prod-d4fba51f-d37e-4c69-be57-309e31d0d320-compressed-1-2025-08-26-07-18-13-74104295-efb4-3ad8-af1a-a5474aed6b02.json.gz,2025-08-26 07:25:41,1.00s,7353
s3://eu-prod-swc-compressed-staged-data-eu-central-1/eu-prod-65f8da2a-5f4d-4d09-a989-ce6d1c3adb0d-data/2025/08/26/06/FTD/eu-prod-65f8da2a-5f4d-4d09-a989-ce6d1c3adb0d-compressed-1-2025-08-26-07-06-38-93473dcd-4346-3d49-a0e9-38eabcba15ec.json.gz,2025-08-26 07:14:05,1.00s,1,,,,,s3://eu-prod-swc-compressed-staged-data-eu-central-1/eu-prod-b75ee6bf-999f-41dc-a002-a1a9009d2ad6-data/2025/08/26/06/FTD/eu-prod-b75ee6bf-999f-41dc-a002-a1a9009d2ad6-compressed-1-2025-08-26-07-18-06-53a10748-cf9b-3bb2-b13a-0486570ec225.json.gz,2025-08-26 07:25:03,1.67m,113,,,,,s3://eu-prod-swc-compressed-staged-data-eu-central-1/eu-prod-7a921b5d-72bf-4fcb-a6fb-e1e34de31ec7-data/2025/08/26/06/FTD/eu-prod-7a921b5d-72bf-4fcb-a6fb-e1e34de31ec7-compressed-1-2025-08-26-07-14-32-b14e9112-740a-354a-b8bc-3d88bae60405.json.gz,2025-08-26 07:21:00,2.02m,1,,,,,s3://eu-prod-swc-compressed-staged-data-eu-central-1/eu-prod-040f6579-8ce0-4cd7-bb56-fc5f816a02da-data/2025/08/26/06/FTD/eu-prod-040f6579-8ce0-4cd7-bb56-fc5f816a02da-compressed-1-2025-08-26-07-15-44-ddfe4b06-0d78-317a-8d2b-8cbb5feaff52.json.gz,2025-08-26 07:23:08,5.75m,18,,,,,s3://eu-prod-swc-compressed-staged-data-eu-central-1/eu-prod-d4fba51f-d37e-4c69-be57-309e31d0d320-data/2025/08/26/06/FTD/eu-prod-d4fba51f-d37e-4c69-be57-309e31d0d320-compressed-1-2025-08-26-07-18-13-ffd67747-ccf8-3338-9a20-ebf752711bba.json.gz,2025-08-26 07:25:40,6.03m,16
s3://eu-prod-swc-compressed-staged-data-eu-central-1/eu-prod-65f8da2a-5f4d-4d09-a989-ce6d1c3adb0d-data/2025/08/26/07/FTD/eu-prod-65f8da2a-5f4d-4d09-a989-ce6d1c3adb0d-compressed-1-2025-08-26-07-06-38-cc77c4ac-3e3e-36a0-b752-e90bd5427b75.json.gz,2025-08-26 07:14:04,5.48m,6352,,,,,s3://eu-prod-swc-compressed-staged-data-eu-central-1/eu-prod-b75ee6bf-999f-41dc-a002-a1a9009d2ad6-data/2025/08/26/07/FTD/eu-prod-b75ee6bf-999f-41dc-a002-a1a9009d2ad6-compressed-1-2025-08-26-07-16-20-f9995336-65e9-3329-b210-77b67729d596.json.gz,2025-08-26 07:23:23,3.45m,60284,,,,,s3://eu-prod-swc-compressed-staged-data-eu-central-1/eu-prod-7a921b5d-72bf-4fcb-a6fb-e1e34de31ec7-data/2025/08/26/07/FTD/eu-prod-7a921b5d-72bf-4fcb-a6fb-e1e34de31ec7-compressed-1-2025-08-26-07-11-32-e8a150f3-e16c-348e-9eeb-d274d661f4b6.json.gz,2025-08-26 07:18:59,3.60m,2184,,,,,s3://eu-prod-swc-compressed-staged-data-eu-central-1/eu-prod-040f6579-8ce0-4cd7-bb56-fc5f816a02da-data/2025/08/26/06/FTD/eu-prod-040f6579-8ce0-4cd7-bb56-fc5f816a02da-compressed-1-2025-08-26-07-09-56-9bdbeaba-1320-3e7a-8a45-99a3601404e5.json.gz,2025-08-26 07:17:23,3.00s,16,,,,,s3://eu-prod-swc-compressed-staged-data-eu-central-1/eu-prod-d4fba51f-d37e-4c69-be57-309e31d0d320-data/2025/08/26/07/FTD/eu-prod-d4fba51f-d37e-4c69-be57-309e31d0d320-compressed-1-2025-08-26-07-12-11-79cd3263-f5c5-3d44-a563-bb5e5c67f3e1.json.gz,2025-08-26 07:19:38,3.00s,6092
s3://eu-prod-swc-compressed-staged-data-eu-central-1/eu-prod-65f8da2a-5f4d-4d09-a989-ce6d1c3adb0d-data/2025/08/25/21/FTD/eu-prod-65f8da2a-5f4d-4d09-a989-ce6d1c3adb0d-compressed-buffered-1-2025-08-26-06-48-37-4e3ee21f-7d2b-3e41-b988-e5b80107baf0.json.gz,2025-08-26 07:08:35,22.00s,1,,,,,s3://eu-prod-swc-compressed-staged-data-eu-central-1/eu-prod-b75ee6bf-999f-41dc-a002-a1a9009d2ad6-data/2025/08/26/06/FTD/eu-prod-b75ee6bf-999f-41dc-a002-a1a9009d2ad6-compressed-1-2025-08-26-07-12-46-82f568e2-ebd4-3f36-bbdf-04d04c58051b.json.gz,2025-08-26 07:19:56,1.87m,118,,,,,s3://eu-prod-swc-compressed-staged-data-eu-central-1/eu-prod-7a921b5d-72bf-4fcb-a6fb-e1e34de31ec7-data/2025/08/26/04/FTD/eu-prod-7a921b5d-72bf-4fcb-a6fb-e1e34de31ec7-compressed-buffered-1-2025-08-26-06-57-25-5b0b45bb-8af6-34a6-8cbd-f23e59330842.json.gz,2025-08-26 07:15:23,26.00s,1,,,,,s3://eu-prod-swc-compressed-staged-data-eu-central-1/eu-prod-040f6579-8ce0-4cd7-bb56-fc5f816a02da-data/2025/08/26/07/FTD/eu-prod-040f6579-8ce0-4cd7-bb56-fc5f816a02da-compressed-1-2025-08-26-07-09-56-e0292361-bb0a-379c-9d14-818f9f003777.json.gz,2025-08-26 07:17:20,6.30m,127,,,,,s3://eu-prod-swc-compressed-staged-data-eu-central-1/eu-prod-d4fba51f-d37e-4c69-be57-309e31d0d320-data/2025/08/26/06/FTD/eu-prod-d4fba51f-d37e-4c69-be57-309e31d0d320-compressed-1-2025-08-26-07-12-11-3f33e7b6-b1e8-3e51-813f-d7fd2b8eeeb8.json.gz,2025-08-26 07:19:35,5.33m,65
s3://eu-prod-swc-compressed-staged-data-eu-central-1/eu-prod-65f8da2a-5f4d-4d09-a989-ce6d1c3adb0d-data/2025/08/26/07/FTD/eu-prod-65f8da2a-5f4d-4d09-a989-ce6d1c3adb0d-compressed-1-2025-08-26-07-00-38-c8d1630c-c61b-3f18-a66a-5fe65c8d4d6f.json.gz,2025-08-26 07:08:13,9.00s,3773,,,,,s3://eu-prod-swc-compressed-staged-data-eu-central-1/eu-prod-b75ee6bf-999f-41dc-a002-a1a9009d2ad6-data/2025/08/26/07/FTD/eu-prod-b75ee6bf-999f-41dc-a002-a1a9009d2ad6-compressed-1-2025-08-26-07-10-59-458afbf3-37fd-3a25-8eaa-54ce88a8223f.json.gz,2025-08-26 07:18:04,3.40m,60641,,,,,s3://eu-prod-swc-compressed-staged-data-eu-central-1/eu-prod-7a921b5d-72bf-4fcb-a6fb-e1e34de31ec7-data/2025/08/26/06/FTD/eu-prod-7a921b5d-72bf-4fcb-a6fb-e1e34de31ec7-compressed-1-2025-08-26-07-07-32-fe32d278-b762-37c6-a6dd-0cab16f20155.json.gz,2025-08-26 07:14:57,1.97m,6,,,,,s3://eu-prod-swc-compressed-staged-data-eu-central-1/eu-prod-040f6579-8ce0-4cd7-bb56-fc5f816a02da-data/2025/08/26/06/FTD/eu-prod-040f6579-8ce0-4cd7-bb56-fc5f816a02da-compressed-1-2025-08-26-07-03-35-fbc4546b-5ebe-3687-a0a1-cf06fc485a53.json.gz,2025-08-26 07:11:02,2.00s,17,,,,,s3://eu-prod-swc-compressed-staged-data-eu-central-1/eu-prod-d4fba51f-d37e-4c69-be57-309e31d0d320-data/2025/08/26/05/FTD/eu-prod-d4fba51f-d37e-4c69-be57-309e31d0d320-compressed-buffered-1-2025-08-26-06-54-20-8ae24cf9-5f05-38c4-93d3-841116cd5832.json.gz,2025-08-26 07:14:15,27.00s,10
s3://eu-prod-swc-compressed-staged-data-eu-central-1/eu-prod-65f8da2a-5f4d-4d09-a989-ce6d1c3adb0d-data/2025/08/26/06/FTD/eu-prod-65f8da2a-5f4d-4d09-a989-ce6d1c3adb0d-compressed-1-2025-08-26-07-00-38-57deb8ec-c8db-3518-ad1f-57e58a52f4e5.json.gz,2025-08-26 07:08:04,5.92m,815,,,,,s3://eu-prod-swc-compressed-staged-data-eu-central-1/eu-prod-b75ee6bf-999f-41dc-a002-a1a9009d2ad6-data/2025/08/26/06/FTD/eu-prod-b75ee6bf-999f-41dc-a002-a1a9009d2ad6-compressed-1-2025-08-26-07-07-35-6f0290a7-2ed6-31fc-b5bd-bbf8b048ec73.json.gz,2025-08-26 07:14:40,1.83m,213,,,,,s3://eu-prod-swc-compressed-staged-data-eu-central-1/eu-prod-7a921b5d-72bf-4fcb-a6fb-e1e34de31ec7-data/2025/08/26/07/FTD/eu-prod-7a921b5d-72bf-4fcb-a6fb-e1e34de31ec7-compressed-1-2025-08-26-07-05-31-d9e6028b-22e8-3575-a400-e81c2fb8cf37.json.gz,2025-08-26 07:12:59,4.17m,1897,,,,,s3://eu-prod-swc-compressed-staged-data-eu-central-1/eu-prod-040f6579-8ce0-4cd7-bb56-fc5f816a02da-data/2025/08/26/07/FTD/eu-prod-040f6579-8ce0-4cd7-bb56-fc5f816a02da-compressed-1-2025-08-26-07-03-35-250382b2-4fcf-31a4-b434-e2c853818fe2.json.gz,2025-08-26 07:11:00,18.00s,267,,,,,s3://eu-prod-swc-compressed-staged-data-eu-central-1/eu-prod-d4fba51f-d37e-4c69-be57-309e31d0d320-data/2025/08/26/06/FTD/eu-prod-d4fba51f-d37e-4c69-be57-309e31d0d320-compressed-1-2025-08-26-07-06-15-9d9c3c87-e91e-380f-8436-4b3b051c137d.json.gz,2025-08-26 07:13:48,5.00s,144
s3://eu-prod-swc-compressed-staged-data-eu-central-1/eu-prod-65f8da2a-5f4d-4d09-a989-ce6d1c3adb0d-data/2025/08/26/06/FTD/eu-prod-65f8da2a-5f4d-4d09-a989-ce6d1c3adb0d-compressed-1-2025-08-26-06-54-38-52a56e70-b063-3a83-9e00-d7b253d6fd0c.json.gz,2025-08-26 07:02:09,6.10m,3830,,,,,s3://eu-prod-swc-compressed-staged-data-eu-central-1/eu-prod-b75ee6bf-999f-41dc-a002-a1a9009d2ad6-data/2025/08/26/07/FTD/eu-prod-b75ee6bf-999f-41dc-a002-a1a9009d2ad6-compressed-1-2025-08-26-07-05-46-cfad897c-fee1-3fa2-8455-742e0e257f69.json.gz,2025-08-26 07:12:50,3.20m,59652,,,,,s3://eu-prod-swc-compressed-staged-data-eu-central-1/eu-prod-7a921b5d-72bf-4fcb-a6fb-e1e34de31ec7-data/2025/08/26/06/FTD/eu-prod-7a921b5d-72bf-4fcb-a6fb-e1e34de31ec7-compressed-1-2025-08-26-07-01-26-b5889f67-4e22-34cc-b896-a55da157cbbc.json.gz,2025-08-26 07:08:49,1.78m,22,,,,,s3://eu-prod-swc-compressed-staged-data-eu-central-1/eu-prod-040f6579-8ce0-4cd7-bb56-fc5f816a02da-data/2025/08/26/05/FTD/eu-prod-040f6579-8ce0-4cd7-bb56-fc5f816a02da-compressed-buffered-1-2025-08-26-06-50-49-1d113240-1d79-3b9a-adee-54e86943cebd.json.gz,2025-08-26 07:10:42,5.30m,26,,,,,s3://eu-prod-swc-compressed-staged-data-eu-central-1/eu-prod-d4fba51f-d37e-4c69-be57-309e31d0d320-data/2025/08/26/07/FTD/eu-prod-d4fba51f-d37e-4c69-be57-309e31d0d320-compressed-1-2025-08-26-07-06-15-5364c6fc-f929-36c0-967c-72ce83b1a445.json.gz,2025-08-26 07:13:43,5.78m,6093
s3://eu-prod-swc-compressed-staged-data-eu-central-1/eu-prod-65f8da2a-5f4d-4d09-a989-ce6d1c3adb0d-data/2025/08/26/06/FTD/eu-prod-65f8da2a-5f4d-4d09-a989-ce6d1c3adb0d-compressed-1-2025-08-26-06-48-37-a4ebb23e-4091-3ff0-9dce-7d0aaa9d6d06.json.gz,2025-08-26 06:56:03,5.97m,3855,,,,,s3://eu-prod-swc-compressed-staged-data-eu-central-1/eu-prod-b75ee6bf-999f-41dc-a002-a1a9009d2ad6-data/2025/08/26/05/FTD/eu-prod-b75ee6bf-999f-41dc-a002-a1a9009d2ad6-compressed-buffered-1-2025-08-26-06-49-40-e1339230-4a39-3c5d-a40d-ca90e384c43e.json.gz,2025-08-26 07:09:38,8.00s,115,,,,,s3://eu-prod-swc-compressed-staged-data-eu-central-1/eu-prod-7a921b5d-72bf-4fcb-a6fb-e1e34de31ec7-data/2025/08/26/07/FTD/eu-prod-7a921b5d-72bf-4fcb-a6fb-e1e34de31ec7-compressed-1-2025-08-26-07-00-27-a4d77400-9e63-3b22-997a-1488e7d5a116.json.gz,2025-08-26 07:07:02,35.00s,1948,,,,,s3://eu-prod-swc-compressed-staged-data-eu-central-1/eu-prod-040f6579-8ce0-4cd7-bb56-fc5f816a02da-data/2025/08/26/07/FTD/eu-prod-040f6579-8ce0-4cd7-bb56-fc5f816a02da-compressed-1-2025-08-26-07-00-05-6847974c-917d-3398-bc2e-edd97eebfb31.json.gz,2025-08-26 07:05:24,1.38m,68,,,,,s3://eu-prod-swc-compressed-staged-data-eu-central-1/eu-prod-d4fba51f-d37e-4c69-be57-309e31d0d320-data/2025/08/26/07/FTD/eu-prod-d4fba51f-d37e-4c69-be57-309e31d0d320-compressed-1-2025-08-26-07-00-18-3eb748e1-ff04-3893-9d79-f1b56b27f9fb.json.gz,2025-08-26 07:07:56,13.00s,3610
s3://eu-prod-swc-compressed-staged-data-eu-central-1/eu-prod-65f8da2a-5f4d-4d09-a989-ce6d1c3adb0d-data/2025/08/26/06/FTD/eu-prod-65f8da2a-5f4d-4d09-a989-ce6d1c3adb0d-compressed-1-2025-08-26-06-42-37-abee1af9-9114-3183-983d-fcf9c1e1d556.json.gz,2025-08-26 06:50:05,6.07m,3867,,,,,s3://eu-prod-swc-compressed-staged-data-eu-central-1/eu-prod-b75ee6bf-999f-41dc-a002-a1a9009d2ad6-data/2025/08/26/06/FTD/eu-prod-b75ee6bf-999f-41dc-a002-a1a9009d2ad6-compressed-1-2025-08-26-07-02-30-25ed5e6a-af61-3d09-a96c-7cb0d1d794e8.json.gz,2025-08-26 07:09:30,3.37m,174,,,,,s3://eu-prod-swc-compressed-staged-data-eu-central-1/eu-prod-7a921b5d-72bf-4fcb-a6fb-e1e34de31ec7-data/2025/08/26/05/FTD/eu-prod-7a921b5d-72bf-4fcb-a6fb-e1e34de31ec7-compressed-buffered-1-2025-08-26-06-46-17-53862e05-0ea5-3037-be26-1a26beafe505.json.gz,2025-08-26 07:06:27,3.52m,6,,,,,s3://eu-prod-swc-compressed-staged-data-eu-central-1/eu-prod-040f6579-8ce0-4cd7-bb56-fc5f816a02da-data/2025/08/26/06/FTD/eu-prod-040f6579-8ce0-4cd7-bb56-fc5f816a02da-compressed-1-2025-08-26-06-56-34-00f60865-d8db-3239-b2c0-2f25c4b21876.json.gz,2025-08-26 07:04:01,5.77m,157,,,,,s3://eu-prod-swc-compressed-staged-data-eu-central-1/eu-prod-d4fba51f-d37e-4c69-be57-309e31d0d320-data/2025/08/26/06/FTD/eu-prod-d4fba51f-d37e-4c69-be57-309e31d0d320-compressed-1-2025-08-26-07-00-18-bd9eb8dd-139d-3162-bdf9-9650febd96e1.json.gz,2025-08-26 07:07:43,6.93m,4017
s3://eu-prod-swc-compressed-staged-data-eu-central-1/eu-prod-65f8da2a-5f4d-4d09-a989-ce6d1c3adb0d-data/2025/08/26/06/FTD/eu-prod-65f8da2a-5f4d-4d09-a989-ce6d1c3adb0d-compressed-1-2025-08-26-06-36-37-c8e6dad6-2547-3142-8abf-066335c590da.json.gz,2025-08-26 06:44:01,2.20m,3859,,,,,s3://eu-prod-swc-compressed-staged-data-eu-central-1/eu-prod-b75ee6bf-999f-41dc-a002-a1a9009d2ad6-data/2025/08/26/07/FTD/eu-prod-b75ee6bf-999f-41dc-a002-a1a9009d2ad6-compressed-1-2025-08-26-07-00-10-73362da2-eb3f-3793-bb0c-5ba02e6f8596.json.gz,2025-08-26 07:06:08,1.82m,57733,,,,,s3://eu-prod-swc-compressed-staged-data-eu-central-1/eu-prod-7a921b5d-72bf-4fcb-a6fb-e1e34de31ec7-data/2025/08/26/06/FTD/eu-prod-7a921b5d-72bf-4fcb-a6fb-e1e34de31ec7-compressed-1-2025-08-26-06-55-27-bd155d53-cf06-3685-ac58-ec491fd9b155.json.gz,2025-08-26 07:02:56,5.22m,3461,,,,,s3://eu-prod-swc-compressed-staged-data-eu-central-1/eu-prod-040f6579-8ce0-4cd7-bb56-fc5f816a02da-data/2025/08/26/06/FTD/eu-prod-040f6579-8ce0-4cd7-bb56-fc5f816a02da-compressed-1-2025-08-26-06-50-49-7901ad9f-2a3b-32db-a635-c929c9d48088.json.gz,2025-08-26 06:58:15,5.50m,308,,,,,s3://eu-prod-swc-compressed-staged-data-eu-central-1/eu-prod-d4fba51f-d37e-4c69-be57-309e31d0d320-data/2025/08/26/06/FTD/eu-prod-d4fba51f-d37e-4c69-be57-309e31d0d320-compressed-1-2025-08-26-06-53-22-412d0c15-1dad-30db-937b-840cd78cd2ef.json.gz,2025-08-26 07:00:47,4.25m,9726
s3://eu-prod-swc-compressed-staged-data-eu-central-1/eu-prod-65f8da2a-5f4d-4d09-a989-ce6d1c3adb0d-data/2025/08/25/12/FTD/eu-prod-65f8da2a-5f4d-4d09-a989-ce6d1c3adb0d-compressed-buffered-1-2025-08-26-06-21-37-ffca9e73-a6e8-3cf2-a7b7-9bdb9cafc8da.json.gz,2025-08-26 06:41:49,2.82m,1,,,,,s3://eu-prod-swc-compressed-staged-data-eu-central-1/eu-prod-b75ee6bf-999f-41dc-a002-a1a9009d2ad6-data/2025/08/26/06/FTD/eu-prod-b75ee6bf-999f-41dc-a002-a1a9009d2ad6-compressed-1-2025-08-26-06-57-13-e221dac6-ac62-31fb-ab98-75db3bf5dae3.json.gz,2025-08-26 07:04:19,6.00m,37638,,,,,s3://eu-prod-swc-compressed-staged-data-eu-central-1/eu-prod-7a921b5d-72bf-4fcb-a6fb-e1e34de31ec7-data/2025/08/26/06/FTD/eu-prod-7a921b5d-72bf-4fcb-a6fb-e1e34de31ec7-compressed-1-2025-08-26-06-50-19-09e93094-b413-3a77-9f00-771f282c7fef.json.gz,2025-08-26 06:57:43,6.07m,3169,,,,,s3://eu-prod-swc-compressed-staged-data-eu-central-1/eu-prod-040f6579-8ce0-4cd7-bb56-fc5f816a02da-data/2025/08/26/05/FTD/eu-prod-040f6579-8ce0-4cd7-bb56-fc5f816a02da-compressed-buffered-1-2025-08-26-06-32-38-92f07844-ac26-33b4-b0e7-ed9aaf98034e.json.gz,2025-08-26 06:52:45,21.00s,50,,,,,s3://eu-prod-swc-compressed-staged-data-eu-central-1/eu-prod-d4fba51f-d37e-4c69-be57-309e31d0d320-data/2025/08/26/05/FTD/eu-prod-d4fba51f-d37e-4c69-be57-309e31d0d320-compressed-buffered-1-2025-08-26-06-36-26-ca56bb67-04aa-3d79-bdfc-cbf8f6468f9f.json.gz,2025-08-26 06:56:32,1.75m,7
s3://eu-prod-swc-compressed-staged-data-eu-central-1/eu-prod-65f8da2a-5f4d-4d09-a989-ce6d1c3adb0d-data/2025/08/26/06/FTD/eu-prod-65f8da2a-5f4d-4d09-a989-ce6d1c3adb0d-compressed-1-2025-08-26-06-31-38-6bf4c7a6-49f0-3d65-b6a1-085b6dac3d7b.json.gz,2025-08-26 06:39:00,1.98m,3222,,,,,s3://eu-prod-swc-compressed-staged-data-eu-central-1/eu-prod-b75ee6bf-999f-41dc-a002-a1a9009d2ad6-data/2025/08/26/06/FTD/eu-prod-b75ee6bf-999f-41dc-a002-a1a9009d2ad6-compressed-1-2025-08-26-06-51-04-af9c674d-71c9-348f-86b7-bf8e2283d2c4.json.gz,2025-08-26 06:58:19,5.73m,65053,,,,,s3://eu-prod-swc-compressed-staged-data-eu-central-1/eu-prod-7a921b5d-72bf-4fcb-a6fb-e1e34de31ec7-data/2025/08/26/06/FTD/eu-prod-7a921b5d-72bf-4fcb-a6fb-e1e34de31ec7-compressed-1-2025-08-26-06-44-12-a83c67e3-905c-3cb9-969a-12fde26de007.json.gz,2025-08-26 06:51:39,7.03m,4087,,,,,s3://eu-prod-swc-compressed-staged-data-eu-central-1/eu-prod-040f6579-8ce0-4cd7-bb56-fc5f816a02da-data/2025/08/26/06/FTD/eu-prod-040f6579-8ce0-4cd7-bb56-fc5f816a02da-compressed-1-2025-08-26-06-44-59-c4dc8b4b-01d8-361c-a873-2a5b84d8933d.json.gz,2025-08-26 06:52:24,6.75m,303,,,,,s3://eu-prod-swc-compressed-staged-data-eu-central-1/eu-prod-d4fba51f-d37e-4c69-be57-309e31d0d320-data/2025/08/26/06/FTD/eu-prod-d4fba51f-d37e-4c69-be57-309e31d0d320-compressed-1-2025-08-26-06-47-21-bfa35325-7405-3b9f-9f15-97881bdb45b7.json.gz,2025-08-26 06:54:47,5.95m,8770
s3://eu-prod-swc-compressed-staged-data-eu-central-1/eu-prod-65f8da2a-5f4d-4d09-a989-ce6d1c3adb0d-data/2025/08/26/05/FTD/eu-prod-65f8da2a-5f4d-4d09-a989-ce6d1c3adb0d-compressed-1-2025-08-26-06-29-38-be48d737-6645-3a2e-a43d-fdc0a26b7901.json.gz,2025-08-26 06:37:01,3.93m,6,,,,,s3://eu-prod-swc-compressed-staged-data-eu-central-1/eu-prod-b75ee6bf-999f-41dc-a002-a1a9009d2ad6-data/2025/08/26/06/FTD/eu-prod-b75ee6bf-999f-41dc-a002-a1a9009d2ad6-compressed-1-2025-08-26-06-45-22-2ed030c5-b0df-3060-9548-864bbcada036.json.gz,2025-08-26 06:52:35,36.00s,50289,,,,,s3://eu-prod-swc-compressed-staged-data-eu-central-1/eu-prod-7a921b5d-72bf-4fcb-a6fb-e1e34de31ec7-data/2025/08/26/06/FTD/eu-prod-7a921b5d-72bf-4fcb-a6fb-e1e34de31ec7-compressed-1-2025-08-26-06-37-10-5e494a85-7845-35a2-b31c-73151a432e48.json.gz,2025-08-26 06:44:37,6.07m,2666,,,,,s3://eu-prod-swc-compressed-staged-data-eu-central-1/eu-prod-040f6579-8ce0-4cd7-bb56-fc5f816a02da-data/2025/08/26/06/FTD/eu-prod-040f6579-8ce0-4cd7-bb56-fc5f816a02da-compressed-1-2025-08-26-06-38-09-0bc90d7e-e1f9-3214-a111-c5505ce6564e.json.gz,2025-08-26 06:45:39,6.85m,326,,,,,s3://eu-prod-swc-compressed-staged-data-eu-central-1/eu-prod-d4fba51f-d37e-4c69-be57-309e31d0d320-data/2025/08/26/06/FTD/eu-prod-d4fba51f-d37e-4c69-be57-309e31d0d320-compressed-1-2025-08-26-06-41-24-1db0e769-6f02-3cfd-aba6-2f10cae05fe1.json.gz,2025-08-26 06:48:50,5.92m,7570
s3://eu-prod-swc-compressed-staged-data-eu-central-1/eu-prod-65f8da2a-5f4d-4d09-a989-ce6d1c3adb0d-data/2025/08/26/06/FTD/eu-prod-65f8da2a-5f4d-4d09-a989-ce6d1c3adb0d-compressed-1-2025-08-26-06-25-37-602675d7-ebdf-3ab5-8051-a5413cc6c02b.json.gz,2025-08-26 06:33:05,2.02m,4314,,,,,s3://eu-prod-swc-compressed-staged-data-eu-central-1/eu-prod-b75ee6bf-999f-41dc-a002-a1a9009d2ad6-data/2025/08/26/05/FTD/eu-prod-b75ee6bf-999f-41dc-a002-a1a9009d2ad6-compressed-buffered-1-2025-08-26-06-31-55-4f5740db-fc84-358f-9403-58031e7e6831.json.gz,2025-08-26 06:51:59,5.25m,530,,,,,s3://eu-prod-swc-compressed-staged-data-eu-central-1/eu-prod-7a921b5d-72bf-4fcb-a6fb-e1e34de31ec7-data/2025/08/26/06/FTD/eu-prod-7a921b5d-72bf-4fcb-a6fb-e1e34de31ec7-compressed-1-2025-08-26-06-31-07-94a129d2-a1e9-3760-a860-3506d8ecab0e.json.gz,2025-08-26 06:38:33,3.60m,1842,,,,,s3://eu-prod-swc-compressed-staged-data-eu-central-1/eu-prod-040f6579-8ce0-4cd7-bb56-fc5f816a02da-data/2025/08/26/06/FTD/eu-prod-040f6579-8ce0-4cd7-bb56-fc5f816a02da-compressed-1-2025-08-26-06-31-21-b371ca5c-a47e-3b49-be89-f266eb69e20a.json.gz,2025-08-26 06:38:48,2.00s,395,,,,,s3://eu-prod-swc-compressed-staged-data-eu-central-1/eu-prod-d4fba51f-d37e-4c69-be57-309e31d0d320-data/2025/08/26/06/FTD/eu-prod-d4fba51f-d37e-4c69-be57-309e31d0d320-compressed-1-2025-08-26-06-35-26-bdbe8040-abb7-30a7-8214-38f5ed7ad044.json.gz,2025-08-26 06:42:55,6.02m,8989
s3://eu-prod-swc-compressed-staged-data-eu-central-1/eu-prod-65f8da2a-5f4d-4d09-a989-ce6d1c3adb0d-data/2025/08/26/05/FTD/eu-prod-65f8da2a-5f4d-4d09-a989-ce6d1c3adb0d-compressed-1-2025-08-26-06-23-38-8adc8732-b542-3d1e-9808-f216ab4b919c.json.gz,2025-08-26 06:31:04,4.02m,1,,,,,s3://eu-prod-swc-compressed-staged-data-eu-central-1/eu-prod-b75ee6bf-999f-41dc-a002-a1a9009d2ad6-data/2025/08/26/06/FTD/eu-prod-b75ee6bf-999f-41dc-a002-a1a9009d2ad6-compressed-1-2025-08-26-06-39-29-b0b164fe-9547-3941-9ad4-5691d135170c.json.gz,2025-08-26 06:46:44,5.68m,52322,,,,,s3://eu-prod-swc-compressed-staged-data-eu-central-1/eu-prod-7a921b5d-72bf-4fcb-a6fb-e1e34de31ec7-data/2025/08/26/04/FTD/eu-prod-7a921b5d-72bf-4fcb-a6fb-e1e34de31ec7-compressed-buffered-1-2025-08-26-06-15-05-51ba5ff1-bbd3-35b8-9d98-1b95c3324c7b.json.gz,2025-08-26 06:34:57,25.00s,1,,,,,s3://eu-prod-swc-compressed-staged-data-eu-central-1/eu-prod-040f6579-8ce0-4cd7-bb56-fc5f816a02da-data/2025/08/26/05/FTD/eu-prod-040f6579-8ce0-4cd7-bb56-fc5f816a02da-compressed-1-2025-08-26-06-31-21-47d04ece-1788-38d0-86a1-5b19d6b68ca7.json.gz,2025-08-26 06:38:46,5.73m,3,,,,,s3://eu-prod-swc-compressed-staged-data-eu-central-1/eu-prod-d4fba51f-d37e-4c69-be57-309e31d0d320-data/2025/08/26/06/FTD/eu-prod-d4fba51f-d37e-4c69-be57-309e31d0d320-compressed-1-2025-08-26-06-29-27-b11f9bb3-f93f-3e51-9015-ec6538e1a76a.json.gz,2025-08-26 06:36:54,2.00m,10361
s3://eu-prod-swc-compressed-staged-data-eu-central-1/eu-prod-65f8da2a-5f4d-4d09-a989-ce6d1c3adb0d-data/2025/08/26/06/FTD/eu-prod-65f8da2a-5f4d-4d09-a989-ce6d1c3adb0d-compressed-1-2025-08-26-06-19-37-4edf871a-cd99-3b21-b4fe-8a15a075b317.json.gz,2025-08-26 06:27:03,3.98m,4904,,,,,s3://eu-prod-swc-compressed-staged-data-eu-central-1/eu-prod-b75ee6bf-999f-41dc-a002-a1a9009d2ad6-data/2025/08/26/06/FTD/eu-prod-b75ee6bf-999f-41dc-a002-a1a9009d2ad6-compressed-1-2025-08-26-06-33-56-a1180c22-1779-3a85-9883-5df37b0aea04.json.gz,2025-08-26 06:41:03,5.52m,51299,,,,,s3://eu-prod-swc-compressed-staged-data-eu-central-1/eu-prod-7a921b5d-72bf-4fcb-a6fb-e1e34de31ec7-data/2025/08/26/05/FTD/eu-prod-7a921b5d-72bf-4fcb-a6fb-e1e34de31ec7-compressed-1-2025-08-26-06-27-07-64f0eacd-f7d8-31f1-8a6e-1335782d85c6.json.gz,2025-08-26 06:34:32,1.95m,1,,,,,s3://eu-prod-swc-compressed-staged-data-eu-central-1/eu-prod-040f6579-8ce0-4cd7-bb56-fc5f816a02da-data/2025/08/26/06/FTD/eu-prod-040f6579-8ce0-4cd7-bb56-fc5f816a02da-compressed-1-2025-08-26-06-25-37-e15dc3a6-d55f-358a-8df6-1c7cda281c76.json.gz,2025-08-26 06:33:02,1.00s,211,,,,,s3://eu-prod-swc-compressed-staged-data-eu-central-1/eu-prod-d4fba51f-d37e-4c69-be57-309e31d0d320-data/2025/08/26/05/FTD/eu-prod-d4fba51f-d37e-4c69-be57-309e31d0d320-compressed-1-2025-08-26-06-27-27-a4b1f30c-b533-302b-a9ed-707c22db4a87.json.gz,2025-08-26 06:34:54,4.02m,12
s3://eu-prod-swc-compressed-staged-data-eu-central-1/eu-prod-65f8da2a-5f4d-4d09-a989-ce6d1c3adb0d-data/2025/08/26/05/FTD/eu-prod-65f8da2a-5f4d-4d09-a989-ce6d1c3adb0d-compressed-1-2025-08-26-06-15-38-60b28b44-d8b8-38c7-a67c-fffb6b3247fd.json.gz,2025-08-26 06:23:04,2.02m,4,,,,,s3://eu-prod-swc-compressed-staged-data-eu-central-1/eu-prod-b75ee6bf-999f-41dc-a002-a1a9009d2ad6-data/2025/08/26/06/FTD/eu-prod-b75ee6bf-999f-41dc-a002-a1a9009d2ad6-compressed-1-2025-08-26-06-28-12-5be56e3f-8c75-38b2-a08c-c5929c4cb706.json.gz,2025-08-26 06:35:32,1.68m,50103,,,,,s3://eu-prod-swc-compressed-staged-data-eu-central-1/eu-prod-7a921b5d-72bf-4fcb-a6fb-e1e34de31ec7-data/2025/08/26/06/FTD/eu-prod-7a921b5d-72bf-4fcb-a6fb-e1e34de31ec7-compressed-1-2025-08-26-06-25-08-5e4bc7fc-6c93-3040-8f06-467449fdc6f8.json.gz,2025-08-26 06:32:35,6.07m,3314,,,,,s3://eu-prod-swc-compressed-staged-data-eu-central-1/eu-prod-040f6579-8ce0-4cd7-bb56-fc5f816a02da-data/2025/08/26/05/FTD/eu-prod-040f6579-8ce0-4cd7-bb56-fc5f816a02da-compressed-1-2025-08-26-06-25-37-533185e4-e0b4-38f5-a60c-c372edd9ef87.json.gz,2025-08-26 06:33:01,6.98m,15,,,,,s3://eu-prod-swc-compressed-staged-data-eu-central-1/eu-prod-d4fba51f-d37e-4c69-be57-309e31d0d320-data/2025/08/26/06/FTD/eu-prod-d4fba51f-d37e-4c69-be57-309e31d0d320-compressed-1-2025-08-26-06-23-26-3c763f35-7b80-3fe1-b182-fc40cc64353e.json.gz,2025-08-26 06:30:53,2.08m,8127
s3://eu-prod-swc-compressed-staged-data-eu-central-1/eu-prod-65f8da2a-5f4d-4d09-a989-ce6d1c3adb0d-data/2025/08/26/06/FTD/eu-prod-65f8da2a-5f4d-4d09-a989-ce6d1c3adb0d-compressed-1-2025-08-26-06-13-38-38c8e078-b72d-3a1c-8323-821c38706862.json.gz,2025-08-26 06:21:03,3.02m,6236,,,,,s3://eu-prod-swc-compressed-staged-data-eu-central-1/eu-prod-b75ee6bf-999f-41dc-a002-a1a9009d2ad6-data/2025/08/26/05/FTD/eu-prod-b75ee6bf-999f-41dc-a002-a1a9009d2ad6-compressed-1-2025-08-26-06-26-35-613bae9f-e4d9-3727-beff-78d93c83ab7b.json.gz,2025-08-26 06:33:51,4.45m,118,,,,,s3://eu-prod-swc-compressed-staged-data-eu-central-1/eu-prod-7a921b5d-72bf-4fcb-a6fb-e1e34de31ec7-data/2025/08/26/06/FTD/eu-prod-7a921b5d-72bf-4fcb-a6fb-e1e34de31ec7-compressed-1-2025-08-26-06-19-05-b062fc75-09f1-3ead-9e0a-b47b4b958621.json.gz,2025-08-26 06:26:31,1.00s,5848,,,,,s3://eu-prod-swc-compressed-staged-data-eu-central-1/eu-prod-040f6579-8ce0-4cd7-bb56-fc5f816a02da-data/2025/08/26/06/FTD/eu-prod-040f6579-8ce0-4cd7-bb56-fc5f816a02da-compressed-1-2025-08-26-06-18-35-5498de8b-2d2d-3c7d-bc7d-e062939eb00d.json.gz,2025-08-26 06:26:02,3.00s,131,,,,,s3://eu-prod-swc-compressed-staged-data-eu-central-1/eu-prod-d4fba51f-d37e-4c69-be57-309e31d0d320-data/2025/08/26/05/FTD/eu-prod-d4fba51f-d37e-4c69-be57-309e31d0d320-compressed-1-2025-08-26-06-21-24-2dec7c7f-f4ee-3d49-aeb9-bbef61e47dbf.json.gz,2025-08-26 06:28:48,3.95m,11
s3://eu-prod-swc-compressed-staged-data-eu-central-1/eu-prod-65f8da2a-5f4d-4d09-a989-ce6d1c3adb0d-data/2025/08/26/05/FTD/eu-prod-65f8da2a-5f4d-4d09-a989-ce6d1c3adb0d-compressed-1-2025-08-26-06-10-38-38d92372-db43-3c3c-86fd-2b9d51b39920.json.gz,2025-08-26 06:18:02,4.00m,2,,,,,s3://eu-prod-swc-compressed-staged-data-eu-central-1/eu-prod-b75ee6bf-999f-41dc-a002-a1a9009d2ad6-data/2025/08/26/04/FTD/eu-prod-b75ee6bf-999f-41dc-a002-a1a9009d2ad6-compressed-buffered-1-2025-08-26-06-09-24-c54b1f41-a9a3-3594-bb91-1552538e41a9.json.gz,2025-08-26 06:29:24,13.00s,2,,,,,s3://eu-prod-swc-compressed-staged-data-eu-central-1/eu-prod-7a921b5d-72bf-4fcb-a6fb-e1e34de31ec7-data/2025/08/26/05/FTD/eu-prod-7a921b5d-72bf-4fcb-a6fb-e1e34de31ec7-compressed-1-2025-08-26-06-20-05-535e0a48-6b92-368b-aff5-9ef47e0ce6ea.json.gz,2025-08-26 06:26:30,6.95m,1,,,,,s3://eu-prod-swc-compressed-staged-data-eu-central-1/eu-prod-040f6579-8ce0-4cd7-bb56-fc5f816a02da-data/2025/08/26/05/FTD/eu-prod-040f6579-8ce0-4cd7-bb56-fc5f816a02da-compressed-1-2025-08-26-06-18-35-4606a10c-fb1c-3550-9038-0bc847d24397.json.gz,2025-08-26 06:25:59,5.37m,21,,,,,s3://eu-prod-swc-compressed-staged-data-eu-central-1/eu-prod-d4fba51f-d37e-4c69-be57-309e31d0d320-data/2025/08/26/06/FTD/eu-prod-d4fba51f-d37e-4c69-be57-309e31d0d320-compressed-1-2025-08-26-06-17-26-7b666f5d-d30e-3a08-be66-6812bcde26dd.json.gz,2025-08-26 06:24:51,1.97m,7377
s3://eu-prod-swc-compressed-staged-data-eu-central-1/eu-prod-65f8da2a-5f4d-4d09-a989-ce6d1c3adb0d-data/2025/08/26/06/FTD/eu-prod-65f8da2a-5f4d-4d09-a989-ce6d1c3adb0d-compressed-1-2025-08-26-06-06-38-dfc0a1bf-da57-32ba-a9d5-c0441409c854.json.gz,2025-08-26 06:14:02,5.85m,7521,,,,,s3://eu-prod-swc-compressed-staged-data-eu-central-1/eu-prod-b75ee6bf-999f-41dc-a002-a1a9009d2ad6-data/2025/08/26/06/FTD/eu-prod-b75ee6bf-999f-41dc-a002-a1a9009d2ad6-compressed-1-2025-08-26-06-22-00-7cc93888-588c-36d1-a76b-0396fb7b5f40.json.gz,2025-08-26 06:29:11,1.42m,49012,,,,,s3://eu-prod-swc-compressed-staged-data-eu-central-1/eu-prod-7a921b5d-72bf-4fcb-a6fb-e1e34de31ec7-data/2025/08/26/06/FTD/eu-prod-7a921b5d-72bf-4fcb-a6fb-e1e34de31ec7-compressed-1-2025-08-26-06-12-02-e4fe958d-3c62-31f4-a3be-109f245e8dba.json.gz,2025-08-26 06:19:33,4.10m,5544,,,,,s3://eu-prod-swc-compressed-staged-data-eu-central-1/eu-prod-040f6579-8ce0-4cd7-bb56-fc5f816a02da-data/2025/08/26/05/FTD/eu-prod-040f6579-8ce0-4cd7-bb56-fc5f816a02da-compressed-1-2025-08-26-06-13-10-2b0435ed-c59d-345e-8389-34222bb8df9d.json.gz,2025-08-26 06:20:37,2.00s,15,,,,,s3://eu-prod-swc-compressed-staged-data-eu-central-1/eu-prod-d4fba51f-d37e-4c69-be57-309e31d0d320-data/2025/08/26/05/FTD/eu-prod-d4fba51f-d37e-4c69-be57-309e31d0d320-compressed-1-2025-08-26-06-15-26-94a74bb9-b475-3fad-97b3-da4367ded8a3.json.gz,2025-08-26 06:22:53,2.95m,17
s3://eu-prod-swc-compressed-staged-data-eu-central-1/eu-prod-65f8da2a-5f4d-4d09-a989-ce6d1c3adb0d-data/2025/08/26/06/FTD/eu-prod-65f8da2a-5f4d-4d09-a989-ce6d1c3adb0d-compressed-1-2025-08-26-06-00-38-6942d23d-d490-385f-bd0d-8cc92e60cad2.json.gz,2025-08-26 06:08:11,9.00s,3730,,,,,s3://eu-prod-swc-compressed-staged-data-eu-central-1/eu-prod-b75ee6bf-999f-41dc-a002-a1a9009d2ad6-data/2025/08/26/05/FTD/eu-prod-b75ee6bf-999f-41dc-a002-a1a9009d2ad6-compressed-1-2025-08-26-06-20-32-1374c077-d494-3d5e-8371-4ec3c4cfe8fa.json.gz,2025-08-26 06:27:46,4.35m,135,,,,,s3://eu-prod-swc-compressed-staged-data-eu-central-1/eu-prod-7a921b5d-72bf-4fcb-a6fb-e1e34de31ec7-data/2025/08/26/05/FTD/eu-prod-7a921b5d-72bf-4fcb-a6fb-e1e34de31ec7-compressed-1-2025-08-26-06-08-59-0dde970e-3b79-3331-89b1-3fec7d8d276b.json.gz,2025-08-26 06:15:27,2.10m,4,,,,,s3://eu-prod-swc-compressed-staged-data-eu-central-1/eu-prod-040f6579-8ce0-4cd7-bb56-fc5f816a02da-data/2025/08/26/06/FTD/eu-prod-040f6579-8ce0-4cd7-bb56-fc5f816a02da-compressed-1-2025-08-26-06-13-10-267779fa-a796-3ca5-b531-30f33f76ba8f.json.gz,2025-08-26 06:20:35,6.03m,32,,,,,s3://eu-prod-swc-compressed-staged-data-eu-central-1/eu-prod-d4fba51f-d37e-4c69-be57-309e31d0d320-data/2025/08/26/06/FTD/eu-prod-d4fba51f-d37e-4c69-be57-309e31d0d320-compressed-1-2025-08-26-06-12-27-aa70f203-806b-3a82-b14a-8ff19740a63c.json.gz,2025-08-26 06:19:56,2.07m,5961
s3://eu-prod-swc-compressed-staged-data-eu-central-1/eu-prod-65f8da2a-5f4d-4d09-a989-ce6d1c3adb0d-data/2025/08/26/05/FTD/eu-prod-65f8da2a-5f4d-4d09-a989-ce6d1c3adb0d-compressed-1-2025-08-26-06-00-38-78f4e734-f1c0-3e29-bed6-99e66bcc3e59.json.gz,2025-08-26 06:08:02,5.95m,732,,,,,s3://eu-prod-swc-compressed-staged-data-eu-central-1/eu-prod-b75ee6bf-999f-41dc-a002-a1a9009d2ad6-data/2025/08/26/06/FTD/eu-prod-b75ee6bf-999f-41dc-a002-a1a9009d2ad6-compressed-1-2025-08-26-06-16-08-29d41452-aa90-3d9c-a8d9-e53e2ff5c223.json.gz,2025-08-26 06:23:25,1.67m,49877,,,,,s3://eu-prod-swc-compressed-staged-data-eu-central-1/eu-prod-7a921b5d-72bf-4fcb-a6fb-e1e34de31ec7-data/2025/08/26/06/FTD/eu-prod-7a921b5d-72bf-4fcb-a6fb-e1e34de31ec7-compressed-1-2025-08-26-06-05-53-525ee43a-994a-3efe-8682-5c528a204cda.json.gz,2025-08-26 06:13:21,3.95m,2789,,,,,s3://eu-prod-swc-compressed-staged-data-eu-central-1/eu-prod-040f6579-8ce0-4cd7-bb56-fc5f816a02da-data/2025/08/26/05/FTD/eu-prod-040f6579-8ce0-4cd7-bb56-fc5f816a02da-compressed-1-2025-08-26-06-07-05-6d7b3334-1e41-379c-99af-5b68f8a81c17.json.gz,2025-08-26 06:14:33,0.00s,19,,,,,s3://eu-prod-swc-compressed-staged-data-eu-central-1/eu-prod-d4fba51f-d37e-4c69-be57-309e31d0d320-data/2025/08/26/05/FTD/eu-prod-d4fba51f-d37e-4c69-be57-309e31d0d320-compressed-1-2025-08-26-06-10-26-decea2e8-34f2-38bd-9496-0f99494b4d8c.json.gz,2025-08-26 06:17:52,2.97m,49
s3://eu-prod-swc-compressed-staged-data-eu-central-1/eu-prod-65f8da2a-5f4d-4d09-a989-ce6d1c3adb0d-data/2025/08/26/05/FTD/eu-prod-65f8da2a-5f4d-4d09-a989-ce6d1c3adb0d-compressed-1-2025-08-26-05-54-38-546a9ea4-e76f-3b55-bc24-3da84a154dd1.json.gz,2025-08-26 06:02:05,6.00m,3834,,,,,s3://eu-prod-swc-compressed-staged-data-eu-central-1/eu-prod-b75ee6bf-999f-41dc-a002-a1a9009d2ad6-data/2025/08/26/05/FTD/eu-prod-b75ee6bf-999f-41dc-a002-a1a9009d2ad6-compressed-1-2025-08-26-06-14-27-ad2a6f16-6054-38f6-9c3e-8c5068c4b944.json.gz,2025-08-26 06:21:45,3.25m,54,,,,,s3://eu-prod-swc-compressed-staged-data-eu-central-1/eu-prod-7a921b5d-72bf-4fcb-a6fb-e1e34de31ec7-data/2025/08/26/05/FTD/eu-prod-7a921b5d-72bf-4fcb-a6fb-e1e34de31ec7-compressed-1-2025-08-26-06-01-54-10d0a480-568a-36eb-9331-cfc1c981ce58.json.gz,2025-08-26 06:09:24,57.00s,3,,,,,s3://eu-prod-swc-compressed-staged-data-eu-central-1/eu-prod-040f6579-8ce0-4cd7-bb56-fc5f816a02da-data/2025/08/26/06/FTD/eu-prod-040f6579-8ce0-4cd7-bb56-fc5f816a02da-compressed-1-2025-08-26-06-07-05-cf3cd648-c54a-3430-9f13-d0f703a2af8a.json.gz,2025-08-26 06:14:33,2.90m,163,,,,,s3://eu-prod-swc-compressed-staged-data-eu-central-1/eu-prod-d4fba51f-d37e-4c69-be57-309e31d0d320-data/2025/08/26/06/FTD/eu-prod-d4fba51f-d37e-4c69-be57-309e31d0d320-compressed-1-2025-08-26-06-07-27-03b6bc14-61d7-3d2d-a5b2-c1bdbf988dfc.json.gz,2025-08-26 06:14:54,2.05m,5834
s3://eu-prod-swc-compressed-staged-data-eu-central-1/eu-prod-65f8da2a-5f4d-4d09-a989-ce6d1c3adb0d-data/2025/08/26/05/FTD/eu-prod-65f8da2a-5f4d-4d09-a989-ce6d1c3adb0d-compressed-1-2025-08-26-05-48-37-7be3b7e0-75d3-30e6-947b-493544d1bf25.json.gz,2025-08-26 05:56:05,6.03m,3827,,,,,s3://eu-prod-swc-compressed-staged-data-eu-central-1/eu-prod-b75ee6bf-999f-41dc-a002-a1a9009d2ad6-data/2025/08/26/06/FTD/eu-prod-b75ee6bf-999f-41dc-a002-a1a9009d2ad6-compressed-1-2025-08-26-06-11-10-cb2104c8-0a27-3fbd-ad44-6545ed512e01.json.gz,2025-08-26 06:18:30,1.77m,37531,,,,,s3://eu-prod-swc-compressed-staged-data-eu-central-1/eu-prod-7a921b5d-72bf-4fcb-a6fb-e1e34de31ec7-data/2025/08/25/18/FTD/eu-prod-7a921b5d-72bf-4fcb-a6fb-e1e34de31ec7-compressed-buffered-1-2025-08-26-05-48-32-1f2d0678-6439-32aa-8bed-0b2d6baf7b87.json.gz,2025-08-26 06:08:27,1.03m,1,,,,,s3://eu-prod-swc-compressed-staged-data-eu-central-1/eu-prod-040f6579-8ce0-4cd7-bb56-fc5f816a02da-data/2025/08/26/04/FTD/eu-prod-040f6579-8ce0-4cd7-bb56-fc5f816a02da-compressed-buffered-1-2025-08-26-05-51-47-f19a7b96-b7a9-3660-b33c-b930cedab526.json.gz,2025-08-26 06:11:39,3.67m,23,,,,,s3://eu-prod-swc-compressed-staged-data-eu-central-1/eu-prod-d4fba51f-d37e-4c69-be57-309e31d0d320-data/2025/08/26/05/FTD/eu-prod-d4fba51f-d37e-4c69-be57-309e31d0d320-compressed-1-2025-08-26-06-05-26-74e28d17-275b-32c4-8b25-4f18cdb0160a.json.gz,2025-08-26 06:12:51,29.00s,189
s3://eu-prod-swc-compressed-staged-data-eu-central-1/eu-prod-65f8da2a-5f4d-4d09-a989-ce6d1c3adb0d-data/2025/08/26/05/FTD/eu-prod-65f8da2a-5f4d-4d09-a989-ce6d1c3adb0d-compressed-1-2025-08-26-05-42-38-0e95d242-29c4-35ed-8a80-f0a6d1387032.json.gz,2025-08-26 05:50:03,6.00m,3922,,,,,s3://eu-prod-swc-compressed-staged-data-eu-central-1/eu-prod-b75ee6bf-999f-41dc-a002-a1a9009d2ad6-data/2025/08/26/05/FTD/eu-prod-b75ee6bf-999f-41dc-a002-a1a9009d2ad6-compressed-1-2025-08-26-06-09-26-ff2d5a6a-a0e8-321f-a1be-c67bd0a81962.json.gz,2025-08-26 06:16:44,3.50m,87,,,,,s3://eu-prod-swc-compressed-staged-data-eu-central-1/eu-prod-7a921b5d-72bf-4fcb-a6fb-e1e34de31ec7-data/2025/08/26/06/FTD/eu-prod-7a921b5d-72bf-4fcb-a6fb-e1e34de31ec7-compressed-1-2025-08-26-06-00-55-d111cf02-ceb5-3595-b456-af96792ed90d.json.gz,2025-08-26 06:07:25,4.27m,2108,,,,,s3://eu-prod-swc-compressed-staged-data-eu-central-1/eu-prod-040f6579-8ce0-4cd7-bb56-fc5f816a02da-data/2025/08/26/06/FTD/eu-prod-040f6579-8ce0-4cd7-bb56-fc5f816a02da-compressed-1-2025-08-26-06-00-24-0e26e7ed-d238-338b-8ae4-333482bf0685.json.gz,2025-08-26 06:07:59,11.00s,401,,,,,s3://eu-prod-swc-compressed-staged-data-eu-central-1/eu-prod-d4fba51f-d37e-4c69-be57-309e31d0d320-data/2025/08/26/04/FTD/eu-prod-d4fba51f-d37e-4c69-be57-309e31d0d320-compressed-buffered-1-2025-08-26-05-52-26-0f544b0b-78e9-38bc-bb53-708641abe2c0.json.gz,2025-08-26 06:12:22,4.32m,2
s3://eu-prod-swc-compressed-staged-data-eu-central-1/eu-prod-65f8da2a-5f4d-4d09-a989-ce6d1c3adb0d-data/2025/08/26/05/FTD/eu-prod-65f8da2a-5f4d-4d09-a989-ce6d1c3adb0d-compressed-1-2025-08-26-05-36-38-0cdbfcc9-459a-3d7a-9f53-b92972e81f74.json.gz,2025-08-26 05:44:03,5.95m,3912,,,,,s3://eu-prod-swc-compressed-staged-data-eu-central-1/eu-prod-b75ee6bf-999f-41dc-a002-a1a9009d2ad6-data/2025/08/26/06/FTD/eu-prod-b75ee6bf-999f-41dc-a002-a1a9009d2ad6-compressed-1-2025-08-26-06-05-49-fb71a65e-cd22-3997-8831-0fc0ad99ee0d.json.gz,2025-08-26 06:13:14,1.92m,36476,,,,,s3://eu-prod-swc-compressed-staged-data-eu-central-1/eu-prod-7a921b5d-72bf-4fcb-a6fb-e1e34de31ec7-data/2025/08/26/05/FTD/eu-prod-7a921b5d-72bf-4fcb-a6fb-e1e34de31ec7-compressed-1-2025-08-26-05-55-46-44b2c017-cd48-3cfb-bde2-a52fcabe1c13.json.gz,2025-08-26 06:03:09,6.15m,1244,,,,,s3://eu-prod-swc-compressed-staged-data-eu-central-1/eu-prod-040f6579-8ce0-4cd7-bb56-fc5f816a02da-data/2025/08/26/05/FTD/eu-prod-040f6579-8ce0-4cd7-bb56-fc5f816a02da-compressed-1-2025-08-26-06-00-24-37d5f0dc-a137-376b-853c-18d4f2171695.json.gz,2025-08-26 06:07:48,5.12m,19,,,,,s3://eu-prod-swc-compressed-staged-data-eu-central-1/eu-prod-d4fba51f-d37e-4c69-be57-309e31d0d320-data/2025/08/26/06/FTD/eu-prod-d4fba51f-d37e-4c69-be57-309e31d0d320-compressed-1-2025-08-26-06-00-27-460980c0-b5a0-3412-a976-30cc76766365.json.gz,2025-08-26 06:08:03,2.20m,6198
s3://eu-prod-swc-compressed-staged-data-eu-central-1/eu-prod-65f8da2a-5f4d-4d09-a989-ce6d1c3adb0d-data/2025/08/26/05/FTD/eu-prod-65f8da2a-5f4d-4d09-a989-ce6d1c3adb0d-compressed-1-2025-08-26-05-30-37-d128ceb8-fcc2-370b-b417-8c23219af895.json.gz,2025-08-26 05:38:06,2.08m,3839,,,,,s3://eu-prod-swc-compressed-staged-data-eu-central-1/eu-prod-b75ee6bf-999f-41dc-a002-a1a9009d2ad6-data/2025/08/26/05/FTD/eu-prod-b75ee6bf-999f-41dc-a002-a1a9009d2ad6-compressed-1-2025-08-26-06-04-02-176e55ce-1e65-304e-be3e-a978b8c9e5a9.json.gz,2025-08-26 06:11:19,3.28m,102,,,,,s3://eu-prod-swc-compressed-staged-data-eu-central-1/eu-prod-7a921b5d-72bf-4fcb-a6fb-e1e34de31ec7-data/2025/08/26/05/FTD/eu-prod-7a921b5d-72bf-4fcb-a6fb-e1e34de31ec7-compressed-1-2025-08-26-05-49-34-32a8ca5e-bbee-37c5-a94a-b8bc4d8e74f9.json.gz,2025-08-26 05:57:00,3.82m,1104,,,,,s3://eu-prod-swc-compressed-staged-data-eu-central-1/eu-prod-040f6579-8ce0-4cd7-bb56-fc5f816a02da-data/2025/08/26/05/FTD/eu-prod-040f6579-8ce0-4cd7-bb56-fc5f816a02da-compressed-1-2025-08-26-05-55-15-ca7ebb1e-8d7c-3d79-b754-b0108bc22c09.json.gz,2025-08-26 06:02:41,6.68m,208,,,,,s3://eu-prod-swc-compressed-staged-data-eu-central-1/eu-prod-d4fba51f-d37e-4c69-be57-309e31d0d320-data/2025/08/26/05/FTD/eu-prod-d4fba51f-d37e-4c69-be57-309e31d0d320-compressed-1-2025-08-26-05-58-26-0ef79019-4581-3d2e-b27e-f55c307daa0a.json.gz,2025-08-26 06:05:51,6.02m,6711
s3://eu-prod-swc-compressed-staged-data-eu-central-1/eu-prod-65f8da2a-5f4d-4d09-a989-ce6d1c3adb0d-data/2025/08/26/04/FTD/eu-prod-65f8da2a-5f4d-4d09-a989-ce6d1c3adb0d-compressed-1-2025-08-26-05-29-37-d26b03f7-2e9e-3ba9-ac01-18d9c00a4744.json.gz,2025-08-26 05:36:01,4.00m,6,,,,,s3://eu-prod-swc-compressed-staged-data-eu-central-1/eu-prod-b75ee6bf-999f-41dc-a002-a1a9009d2ad6-data/2025/08/26/06/FTD/eu-prod-b75ee6bf-999f-41dc-a002-a1a9009d2ad6-compressed-1-2025-08-26-06-00-39-18c61322-b599-3978-92b1-5f0433dc52cf.json.gz,2025-08-26 06:08:02,22.00s,35079,,,,,s3://eu-prod-swc-compressed-staged-data-eu-central-1/eu-prod-7a921b5d-72bf-4fcb-a6fb-e1e34de31ec7-data/2025/08/26/04/FTD/eu-prod-7a921b5d-72bf-4fcb-a6fb-e1e34de31ec7-compressed-buffered-1-2025-08-26-05-33-06-555544ef-0245-37f2-91f9-5a261b9c5738.json.gz,2025-08-26 05:53:11,2.28m,1,,,,,s3://eu-prod-swc-compressed-staged-data-eu-central-1/eu-prod-040f6579-8ce0-4cd7-bb56-fc5f816a02da-data/2025/08/26/05/FTD/eu-prod-040f6579-8ce0-4cd7-bb56-fc5f816a02da-compressed-1-2025-08-26-05-48-35-1fca9fd9-c602-3419-a06b-f5ec9be570f1.json.gz,2025-08-26 05:56:00,3.50m,54,,,,,s3://eu-prod-swc-compressed-staged-data-eu-central-1/eu-prod-d4fba51f-d37e-4c69-be57-309e31d0d320-data/2025/08/26/05/FTD/eu-prod-d4fba51f-d37e-4c69-be57-309e31d0d320-compressed-1-2025-08-26-05-52-26-b425f2f9-014c-32b4-925a-38548f848e9b.json.gz,2025-08-26 05:59:50,6.00m,5511
s3://eu-prod-swc-compressed-staged-data-eu-central-1/eu-prod-65f8da2a-5f4d-4d09-a989-ce6d1c3adb0d-data/2025/08/26/05/FTD/eu-prod-65f8da2a-5f4d-4d09-a989-ce6d1c3adb0d-compressed-1-2025-08-26-05-24-37-7c1952d4-c6d0-34b3-858f-0177fb9cf9a9.json.gz,2025-08-26 05:32:01,6.02m,4342,,,,,s3://eu-prod-swc-compressed-staged-data-eu-central-1/eu-prod-b75ee6bf-999f-41dc-a002-a1a9009d2ad6-data/2025/08/26/04/FTD/eu-prod-b75ee6bf-999f-41dc-a002-a1a9009d2ad6-compressed-buffered-1-2025-08-26-05-47-47-1a2bf503-f82a-34c5-ad27-d3296f2c6fb2.json.gz,2025-08-26 06:07:40,1.52m,220,,,,,s3://eu-prod-swc-compressed-staged-data-eu-central-1/eu-prod-7a921b5d-72bf-4fcb-a6fb-e1e34de31ec7-data/2025/08/26/05/FTD/eu-prod-7a921b5d-72bf-4fcb-a6fb-e1e34de31ec7-compressed-1-2025-08-26-05-43-26-283b748e-2edf-32b0-b6da-a11eb718faef.json.gz,2025-08-26 05:50:54,6.12m,1292,,,,,s3://eu-prod-swc-compressed-staged-data-eu-central-1/eu-prod-040f6579-8ce0-4cd7-bb56-fc5f816a02da-data/2025/08/26/04/FTD/eu-prod-040f6579-8ce0-4cd7-bb56-fc5f816a02da-compressed-buffered-1-2025-08-26-05-32-20-11fe7b1f-eea4-3a83-9321-ddd2e3d3b17f.json.gz,2025-08-26 05:52:30,2.50m,55,,,,,s3://eu-prod-swc-compressed-staged-data-eu-central-1/eu-prod-d4fba51f-d37e-4c69-be57-309e31d0d320-data/2025/08/26/05/FTD/eu-prod-d4fba51f-d37e-4c69-be57-309e31d0d320-compressed-1-2025-08-26-05-46-25-bd5e06e6-5b70-3de8-9195-0a02f4c2a721.json.gz,2025-08-26 05:53:50,1.22m,6368
s3://eu-prod-swc-compressed-staged-data-eu-central-1/eu-prod-65f8da2a-5f4d-4d09-a989-ce6d1c3adb0d-data/2025/08/26/05/FTD/eu-prod-65f8da2a-5f4d-4d09-a989-ce6d1c3adb0d-compressed-1-2025-08-26-05-18-33-53716bbb-5da7-3a0b-b948-a7a69cc2b985.json.gz,2025-08-26 05:26:00,4.02m,5205,,,,,s3://eu-prod-swc-compressed-staged-data-eu-central-1/eu-prod-b75ee6bf-999f-41dc-a002-a1a9009d2ad6-data/2025/08/26/05/FTD/eu-prod-b75ee6bf-999f-41dc-a002-a1a9009d2ad6-compressed-1-2025-08-26-05-58-42-5e3a8122-2c50-3768-9a49-34c53ac59b29.json.gz,2025-08-26 06:06:09,6.02m,14061,,,,,s3://eu-prod-swc-compressed-staged-data-eu-central-1/eu-prod-7a921b5d-72bf-4fcb-a6fb-e1e34de31ec7-data/2025/08/26/05/FTD/eu-prod-7a921b5d-72bf-4fcb-a6fb-e1e34de31ec7-compressed-1-2025-08-26-05-37-21-25d8c0a0-6ace-314a-97eb-53f94d719d1f.json.gz,2025-08-26 05:44:47,3.17m,931,,,,,s3://eu-prod-swc-compressed-staged-data-eu-central-1/eu-prod-040f6579-8ce0-4cd7-bb56-fc5f816a02da-data/2025/08/26/05/FTD/eu-prod-040f6579-8ce0-4cd7-bb56-fc5f816a02da-compressed-1-2025-08-26-05-42-32-6be02534-cc3d-3649-ad9e-79fb9d178f9f.json.gz,2025-08-26 05:50:00,6.77m,120,,,,,s3://eu-prod-swc-compressed-staged-data-eu-central-1/eu-prod-d4fba51f-d37e-4c69-be57-309e31d0d320-data/2025/08/26/04/FTD/eu-prod-d4fba51f-d37e-4c69-be57-309e31d0d320-compressed-buffered-1-2025-08-26-05-32-27-1042dc13-2648-3c29-b859-2f9be923f0a4.json.gz,2025-08-26 05:52:37,4.82m,9
s3://eu-prod-swc-compressed-staged-data-eu-central-1/eu-prod-65f8da2a-5f4d-4d09-a989-ce6d1c3adb0d-data/2025/08/26/04/FTD/eu-prod-65f8da2a-5f4d-4d09-a989-ce6d1c3adb0d-compressed-1-2025-08-26-05-15-33-4a8a53c4-00ed-390f-9100-d964059aab5f.json.gz,2025-08-26 05:21:59,1.98m,3,,,,,s3://eu-prod-swc-compressed-staged-data-eu-central-1/eu-prod-b75ee6bf-999f-41dc-a002-a1a9009d2ad6-data/2025/08/26/05/FTD/eu-prod-b75ee6bf-999f-41dc-a002-a1a9009d2ad6-compressed-1-2025-08-26-05-52-43-68a4ad1e-2084-37a3-a075-e24100eb3e33.json.gz,2025-08-26 06:00:08,5.95m,33850,,,,,s3://eu-prod-swc-compressed-staged-data-eu-central-1/eu-prod-7a921b5d-72bf-4fcb-a6fb-e1e34de31ec7-data/2025/08/25/19/FTD/eu-prod-7a921b5d-72bf-4fcb-a6fb-e1e34de31ec7-compressed-buffered-1-2025-08-26-05-21-41-3e24e7c3-fb4b-3135-a339-4073c4307097.json.gz,2025-08-26 05:41:37,3.07m,1,,,,,s3://eu-prod-swc-compressed-staged-data-eu-central-1/eu-prod-040f6579-8ce0-4cd7-bb56-fc5f816a02da-data/2025/08/26/05/FTD/eu-prod-040f6579-8ce0-4cd7-bb56-fc5f816a02da-compressed-1-2025-08-26-05-35-49-2d903620-49d0-3d82-876d-6b29caea8280.json.gz,2025-08-26 05:43:14,7.00m,218,,,,,s3://eu-prod-swc-compressed-staged-data-eu-central-1/eu-prod-d4fba51f-d37e-4c69-be57-309e31d0d320-data/2025/08/26/05/FTD/eu-prod-d4fba51f-d37e-4c69-be57-309e31d0d320-compressed-1-2025-08-26-05-40-24-f38d5f5f-7af2-3477-ac17-e341bfe3f0a5.json.gz,2025-08-26 05:47:48,5.90m,6350
s3://eu-prod-swc-compressed-staged-data-eu-central-1/eu-prod-65f8da2a-5f4d-4d09-a989-ce6d1c3adb0d-data/2025/08/26/05/FTD/eu-prod-65f8da2a-5f4d-4d09-a989-ce6d1c3adb0d-compressed-1-2025-08-26-05-12-33-7b961b77-be69-3718-8a80-2a160953a3be.json.gz,2025-08-26 05:20:00,1.57m,6442,,,,,s3://eu-prod-swc-compressed-staged-data-eu-central-1/eu-prod-b75ee6bf-999f-41dc-a002-a1a9009d2ad6-data/2025/08/26/05/FTD/eu-prod-b75ee6bf-999f-41dc-a002-a1a9009d2ad6-compressed-1-2025-08-26-05-46-45-7430b52d-f08d-381f-988b-4d97742dd885.json.gz,2025-08-26 05:54:11,2.22m,32745,,,,,s3://eu-prod-swc-compressed-staged-data-eu-central-1/eu-prod-7a921b5d-72bf-4fcb-a6fb-e1e34de31ec7-data/2025/08/26/05/FTD/eu-prod-7a921b5d-72bf-4fcb-a6fb-e1e34de31ec7-compressed-1-2025-08-26-05-31-07-b1c192bb-6f24-3a76-b99c-3873092986ba.json.gz,2025-08-26 05:38:33,6.35m,968,,,,,s3://eu-prod-swc-compressed-staged-data-eu-central-1/eu-prod-040f6579-8ce0-4cd7-bb56-fc5f816a02da-data/2025/08/26/04/FTD/eu-prod-040f6579-8ce0-4cd7-bb56-fc5f816a02da-compressed-1-2025-08-26-05-28-48-1731a705-aa37-35c3-8bc4-55aa6f9422c7.json.gz,2025-08-26 05:36:14,1.27m,10,,,,,s3://eu-prod-swc-compressed-staged-data-eu-central-1/eu-prod-d4fba51f-d37e-4c69-be57-309e31d0d320-data/2025/08/26/05/FTD/eu-prod-d4fba51f-d37e-4c69-be57-309e31d0d320-compressed-1-2025-08-26-05-34-28-926f4739-ccab-34ab-af5b-96837e397cd6.json.gz,2025-08-26 05:41:54,4.05m,7111
s3://eu-prod-swc-compressed-staged-data-eu-central-1/eu-prod-65f8da2a-5f4d-4d09-a989-ce6d1c3adb0d-data/2025/08/22/13/FTD/eu-prod-65f8da2a-5f4d-4d09-a989-ce6d1c3adb0d-compressed-buffered-1-2025-08-26-04-58-32-9df8b1c6-e24f-3037-8112-4b75916dd760.json.gz,2025-08-26 05:18:26,4.42m,1,,,,,s3://eu-prod-swc-compressed-staged-data-eu-central-1/eu-prod-b75ee6bf-999f-41dc-a002-a1a9009d2ad6-data/2025/08/26/04/FTD/eu-prod-b75ee6bf-999f-41dc-a002-a1a9009d2ad6-compressed-buffered-1-2025-08-26-05-31-53-d42e8e38-64dc-301a-8446-80ce7ec707c4.json.gz,2025-08-26 05:51:58,3.70m,85,,,,,s3://eu-prod-swc-compressed-staged-data-eu-central-1/eu-prod-7a921b5d-72bf-4fcb-a6fb-e1e34de31ec7-data/2025/08/26/04/FTD/eu-prod-7a921b5d-72bf-4fcb-a6fb-e1e34de31ec7-compressed-1-2025-08-26-05-24-45-466e2c08-859e-340d-aecb-7ef1b10ce05f.json.gz,2025-08-26 05:32:12,0.00s,2,,,,,s3://eu-prod-swc-compressed-staged-data-eu-central-1/eu-prod-040f6579-8ce0-4cd7-bb56-fc5f816a02da-data/2025/08/26/05/FTD/eu-prod-040f6579-8ce0-4cd7-bb56-fc5f816a02da-compressed-1-2025-08-26-05-27-32-b0cf8243-e7cf-3d63-abe1-3445a51ab64a.json.gz,2025-08-26 05:34:58,4.58m,308,,,,,s3://eu-prod-swc-compressed-staged-data-eu-central-1/eu-prod-d4fba51f-d37e-4c69-be57-309e31d0d320-data/2025/08/26/04/FTD/eu-prod-d4fba51f-d37e-4c69-be57-309e31d0d320-compressed-1-2025-08-26-05-30-27-aa978567-7084-3528-b7fd-353ac92dc7eb.json.gz,2025-08-26 05:37:51,2.00m,4
s3://eu-prod-swc-compressed-staged-data-eu-central-1/eu-prod-65f8da2a-5f4d-4d09-a989-ce6d1c3adb0d-data/2025/08/26/04/FTD/eu-prod-65f8da2a-5f4d-4d09-a989-ce6d1c3adb0d-compressed-1-2025-08-26-05-07-33-c21caae1-db63-37a1-8afc-995c0339a6fb.json.gz,2025-08-26 05:14:01,3.00s,3,,,,,s3://eu-prod-swc-compressed-staged-data-eu-central-1/eu-prod-b75ee6bf-999f-41dc-a002-a1a9009d2ad6-data/2025/08/26/05/FTD/eu-prod-b75ee6bf-999f-41dc-a002-a1a9009d2ad6-compressed-1-2025-08-26-05-40-48-6c1a2838-c4fd-3f05-b88a-b3adde11fed4.json.gz,2025-08-26 05:48:16,6.02m,29051,,,,,s3://eu-prod-swc-compressed-staged-data-eu-central-1/eu-prod-7a921b5d-72bf-4fcb-a6fb-e1e34de31ec7-data/2025/08/26/05/FTD/eu-prod-7a921b5d-72bf-4fcb-a6fb-e1e34de31ec7-compressed-1-2025-08-26-05-24-45-da89c028-785f-379c-a423-e8ebb464f6c1.json.gz,2025-08-26 05:32:12,4.03m,565,,,,,s3://eu-prod-swc-compressed-staged-data-eu-central-1/eu-prod-040f6579-8ce0-4cd7-bb56-fc5f816a02da-data/2025/08/26/04/FTD/eu-prod-040f6579-8ce0-4cd7-bb56-fc5f816a02da-compressed-1-2025-08-26-05-22-57-936814e4-2579-3858-8f24-8def9190fd40.json.gz,2025-08-26 05:30:23,2.42m,17,,,,,s3://eu-prod-swc-compressed-staged-data-eu-central-1/eu-prod-d4fba51f-d37e-4c69-be57-309e31d0d320-data/2025/08/26/05/FTD/eu-prod-d4fba51f-d37e-4c69-be57-309e31d0d320-compressed-1-2025-08-26-05-28-27-fd644305-cd2e-3033-b9b0-c70c212a89bc.json.gz,2025-08-26 05:35:51,6.00m,4665
s3://eu-prod-swc-compressed-staged-data-eu-central-1/eu-prod-65f8da2a-5f4d-4d09-a989-ce6d1c3adb0d-data/2025/08/26/05/FTD/eu-prod-65f8da2a-5f4d-4d09-a989-ce6d1c3adb0d-compressed-1-2025-08-26-05-06-33-a79be6b7-d443-3065-ad76-e1b87feb620c.json.gz,2025-08-26 05:13:58,5.85m,6428,,,,,s3://eu-prod-swc-compressed-staged-data-eu-central-1/eu-prod-b75ee6bf-999f-41dc-a002-a1a9009d2ad6-data/2025/08/26/05/FTD/eu-prod-b75ee6bf-999f-41dc-a002-a1a9009d2ad6-compressed-1-2025-08-26-05-34-51-e6d3f4ed-0311-3904-84d7-6cf98bef2146.json.gz,2025-08-26 05:42:15,3.93m,30365,,,,,s3://eu-prod-swc-compressed-staged-data-eu-central-1/eu-prod-7a921b5d-72bf-4fcb-a6fb-e1e34de31ec7-data/2025/08/26/03/FTD/eu-prod-7a921b5d-72bf-4fcb-a6fb-e1e34de31ec7-compressed-buffered-1-2025-08-26-05-08-11-fd413d71-4a6b-347c-b715-12f14815761e.json.gz,2025-08-26 05:28:10,2.03m,1,,,,,s3://eu-prod-swc-compressed-staged-data-eu-central-1/eu-prod-040f6579-8ce0-4cd7-bb56-fc5f816a02da-data/2025/08/26/05/FTD/eu-prod-040f6579-8ce0-4cd7-bb56-fc5f816a02da-compressed-1-2025-08-26-05-20-30-4581a61b-ecee-31f1-bfbe-ef0518761934.json.gz,2025-08-26 05:27:58,4.52m,349,,,,,s3://eu-prod-swc-compressed-staged-data-eu-central-1/eu-prod-d4fba51f-d37e-4c69-be57-309e31d0d320-data/2025/08/26/04/FTD/eu-prod-d4fba51f-d37e-4c69-be57-309e31d0d320-compressed-1-2025-08-26-05-22-29-f8ca473e-8d0e-3201-bc19-ab8680436fd6.json.gz,2025-08-26 05:29:51,0.00s,8
s3://eu-prod-swc-compressed-staged-data-eu-central-1/eu-prod-65f8da2a-5f4d-4d09-a989-ce6d1c3adb0d-data/2025/08/26/05/FTD/eu-prod-65f8da2a-5f4d-4d09-a989-ce6d1c3adb0d-compressed-1-2025-08-26-05-00-33-a0588d94-4a7b-3bda-8160-1b65b537df7c.json.gz,2025-08-26 05:08:07,10.00s,3615,,,,,s3://eu-prod-swc-compressed-staged-data-eu-central-1/eu-prod-b75ee6bf-999f-41dc-a002-a1a9009d2ad6-data/2025/08/26/04/FTD/eu-prod-b75ee6bf-999f-41dc-a002-a1a9009d2ad6-compressed-1-2025-08-26-05-30-53-4ca8e0d9-8581-3973-8da0-232948cec021.json.gz,2025-08-26 05:38:19,1.95m,4,,,,,s3://eu-prod-swc-compressed-staged-data-eu-central-1/eu-prod-7a921b5d-72bf-4fcb-a6fb-e1e34de31ec7-data/2025/08/26/05/FTD/eu-prod-7a921b5d-72bf-4fcb-a6fb-e1e34de31ec7-compressed-1-2025-08-26-05-18-39-f24aa5b8-0031-3ed8-bff1-7dc2eb902090.json.gz,2025-08-26 05:26:08,6.25m,1594,,,,,s3://eu-prod-swc-compressed-staged-data-eu-central-1/eu-prod-040f6579-8ce0-4cd7-bb56-fc5f816a02da-data/2025/08/26/04/FTD/eu-prod-040f6579-8ce0-4cd7-bb56-fc5f816a02da-compressed-1-2025-08-26-05-16-02-de854a54-31c6-3928-96b0-c35e21c16adc.json.gz,2025-08-26 05:23:27,2.25m,19,,,,,s3://eu-prod-swc-compressed-staged-data-eu-central-1/eu-prod-d4fba51f-d37e-4c69-be57-309e31d0d320-data/2025/08/26/05/FTD/eu-prod-d4fba51f-d37e-4c69-be57-309e31d0d320-compressed-1-2025-08-26-05-22-29-c503a470-a2b2-3bce-94a2-44b950ac36a2.json.gz,2025-08-26 05:29:51,4.93m,5404
s3://eu-prod-swc-compressed-staged-data-eu-central-1/eu-prod-65f8da2a-5f4d-4d09-a989-ce6d1c3adb0d-data/2025/08/26/04/FTD/eu-prod-65f8da2a-5f4d-4d09-a989-ce6d1c3adb0d-compressed-1-2025-08-26-05-00-33-37ac2039-9610-31d4-8f15-654d5350f574.json.gz,2025-08-26 05:07:57,5.93m,786,,,,,s3://eu-prod-swc-compressed-staged-data-eu-central-1/eu-prod-b75ee6bf-999f-41dc-a002-a1a9009d2ad6-data/2025/08/26/05/FTD/eu-prod-b75ee6bf-999f-41dc-a002-a1a9009d2ad6-compressed-1-2025-08-26-05-28-55-c9ab8dd4-fe66-39bd-b25f-b949cd3e78df.json.gz,2025-08-26 05:36:22,3.97m,28285,,,,,s3://eu-prod-swc-compressed-staged-data-eu-central-1/eu-prod-7a921b5d-72bf-4fcb-a6fb-e1e34de31ec7-data/2025/08/26/05/FTD/eu-prod-7a921b5d-72bf-4fcb-a6fb-e1e34de31ec7-compressed-1-2025-08-26-05-12-28-8c604718-0a15-3ce1-989f-7cdfdf13482d.json.gz,2025-08-26 05:19:53,2.63m,1530,,,,,s3://eu-prod-swc-compressed-staged-data-eu-central-1/eu-prod-040f6579-8ce0-4cd7-bb56-fc5f816a02da-data/2025/08/26/05/FTD/eu-prod-040f6579-8ce0-4cd7-bb56-fc5f816a02da-compressed-1-2025-08-26-05-13-49-cfa4b1c3-91a3-33eb-b17f-24cc4bf67f2f.json.gz,2025-08-26 05:21:12,4.38m,421,,,,,s3://eu-prod-swc-compressed-staged-data-eu-central-1/eu-prod-d4fba51f-d37e-4c69-be57-309e31d0d320-data/2025/08/26/04/FTD/eu-prod-d4fba51f-d37e-4c69-be57-309e31d0d320-compressed-1-2025-08-26-05-17-30-11550e0b-ddcd-36c5-8c4d-20bddb284ef9.json.gz,2025-08-26 05:24:55,0.00s,14
s3://eu-prod-swc-compressed-staged-data-eu-central-1/eu-prod-65f8da2a-5f4d-4d09-a989-ce6d1c3adb0d-data/2025/08/26/04/FTD/eu-prod-65f8da2a-5f4d-4d09-a989-ce6d1c3adb0d-compressed-1-2025-08-26-04-54-32-0fb3c88a-640b-338e-b62c-b41e1617a729.json.gz,2025-08-26 05:02:01,N/A (First file),3889,,,,,s3://eu-prod-swc-compressed-staged-data-eu-central-1/eu-prod-b75ee6bf-999f-41dc-a002-a1a9009d2ad6-data/2025/08/26/04/FTD/eu-prod-b75ee6bf-999f-41dc-a002-a1a9009d2ad6-compressed-1-2025-08-26-05-24-56-62dcc450-da76-37fc-ac89-904e21dc8fb9.json.gz,2025-08-26 05:32:24,2.02m,22,,,,,s3://eu-prod-swc-compressed-staged-data-eu-central-1/eu-prod-7a921b5d-72bf-4fcb-a6fb-e1e34de31ec7-data/2025/08/25/11/FTD/eu-prod-7a921b5d-72bf-4fcb-a6fb-e1e34de31ec7-compressed-buffered-1-2025-08-26-04-59-34-41bed876-e00d-312c-a290-5fc9feef48cd.json.gz,2025-08-26 05:17:15,1.00s,1,,,,,s3://eu-prod-swc-compressed-staged-data-eu-central-1/eu-prod-040f6579-8ce0-4cd7-bb56-fc5f816a02da-data/2025/08/26/04/FTD/eu-prod-040f6579-8ce0-4cd7-bb56-fc5f816a02da-compressed-1-2025-08-26-05-09-20-2b8b507d-8c93-3bdd-a5e5-c4c6a74d4391.json.gz,2025-08-26 05:16:49,2.25m,19,,,,,s3://eu-prod-swc-compressed-staged-data-eu-central-1/eu-prod-d4fba51f-d37e-4c69-be57-309e31d0d320-data/2025/08/26/05/FTD/eu-prod-d4fba51f-d37e-4c69-be57-309e31d0d320-compressed-1-2025-08-26-05-17-30-b73e1490-74bb-37e3-a842-0dd63a92d157.json.gz,2025-08-26 05:24:55,5.93m,3600
,,,,,,,,s3://eu-prod-swc-compressed-staged-data-eu-central-1/eu-prod-b75ee6bf-999f-41dc-a002-a1a9009d2ad6-data/2025/08/26/05/FTD/eu-prod-b75ee6bf-999f-41dc-a002-a1a9009d2ad6-compressed-1-2025-08-26-05-22-57-ea5b6b94-1a5c-38ca-af45-979c8e1c87ed.json.gz,2025-08-26 05:30:23,4.02m,29197,,,,,s3://eu-prod-swc-compressed-staged-data-eu-central-1/eu-prod-7a921b5d-72bf-4fcb-a6fb-e1e34de31ec7-data/2025/08/26/02/FTD/eu-prod-7a921b5d-72bf-4fcb-a6fb-e1e34de31ec7-compressed-buffered-1-2025-08-26-04-57-21-1d74b399-fa55-3024-a148-dfece92ab0ac.json.gz,2025-08-26 05:17:14,1.62m,1,,,,,s3://eu-prod-swc-compressed-staged-data-eu-central-1/eu-prod-040f6579-8ce0-4cd7-bb56-fc5f816a02da-data/2025/08/26/05/FTD/eu-prod-040f6579-8ce0-4cd7-bb56-fc5f816a02da-compressed-1-2025-08-26-05-07-06-7ac1abf3-910a-31e7-ba57-c437544f4325.json.gz,2025-08-26 05:14:34,2.90m,49,,,,,s3://eu-prod-swc-compressed-staged-data-eu-central-1/eu-prod-d4fba51f-d37e-4c69-be57-309e31d0d320-data/2025/08/26/05/FTD/eu-prod-d4fba51f-d37e-4c69-be57-309e31d0d320-compressed-1-2025-08-26-05-11-31-caecbba7-c523-3970-867a-c2c14b1b3b8e.json.gz,2025-08-26 05:18:59,1.00s,3429
,,,,,,,,s3://eu-prod-swc-compressed-staged-data-eu-central-1/eu-prod-b75ee6bf-999f-41dc-a002-a1a9009d2ad6-data/2025/08/26/04/FTD/eu-prod-b75ee6bf-999f-41dc-a002-a1a9009d2ad6-compressed-1-2025-08-26-05-19-01-8495c143-2510-3ebc-8541-446a34dfb191.json.gz,2025-08-26 05:26:22,1.92m,40,,,,,s3://eu-prod-swc-compressed-staged-data-eu-central-1/eu-prod-7a921b5d-72bf-4fcb-a6fb-e1e34de31ec7-data/2025/08/26/04/FTD/eu-prod-7a921b5d-72bf-4fcb-a6fb-e1e34de31ec7-compressed-1-2025-08-26-05-08-11-1a293d74-18b5-3d74-83b4-f53eca4980a0.json.gz,2025-08-26 05:15:37,2.05m,3,,,,,s3://eu-prod-swc-compressed-staged-data-eu-central-1/eu-prod-040f6579-8ce0-4cd7-bb56-fc5f816a02da-data/2025/08/26/04/FTD/eu-prod-040f6579-8ce0-4cd7-bb56-fc5f816a02da-compressed-1-2025-08-26-05-04-14-e5ba1604-adaa-3eb3-8e1b-4e1b378bc66c.json.gz,2025-08-26 05:11:40,3.35m,14,,,,,s3://eu-prod-swc-compressed-staged-data-eu-central-1/eu-prod-d4fba51f-d37e-4c69-be57-309e31d0d320-data/2025/08/26/04/FTD/eu-prod-d4fba51f-d37e-4c69-be57-309e31d0d320-compressed-1-2025-08-26-05-11-31-f1879bea-0120-3ab7-81c9-cb795ac40140.json.gz,2025-08-26 05:18:58,5.98m,22
,,,,,,,,s3://eu-prod-swc-compressed-staged-data-eu-central-1/eu-prod-b75ee6bf-999f-41dc-a002-a1a9009d2ad6-data/2025/08/26/05/FTD/eu-prod-b75ee6bf-999f-41dc-a002-a1a9009d2ad6-compressed-1-2025-08-26-05-17-01-73e7e4fa-aeac-32b2-847a-f6855ef87294.json.gz,2025-08-26 05:24:27,4.00m,28216,,,,,s3://eu-prod-swc-compressed-staged-data-eu-central-1/eu-prod-7a921b5d-72bf-4fcb-a6fb-e1e34de31ec7-data/2025/08/26/05/FTD/eu-prod-7a921b5d-72bf-4fcb-a6fb-e1e34de31ec7-compressed-1-2025-08-26-05-06-12-6c337052-d0a6-3244-95f3-596e01d7b394.json.gz,2025-08-26 05:13:34,5.00m,678,,,,,s3://eu-prod-swc-compressed-staged-data-eu-central-1/eu-prod-040f6579-8ce0-4cd7-bb56-fc5f816a02da-data/2025/08/26/05/FTD/eu-prod-040f6579-8ce0-4cd7-bb56-fc5f816a02da-compressed-1-2025-08-26-05-00-44-15b9393f-b1e7-34d7-855c-54f9fdab8515.json.gz,2025-08-26 05:08:19,29.00s,157,,,,,s3://eu-prod-swc-compressed-staged-data-eu-central-1/eu-prod-d4fba51f-d37e-4c69-be57-309e31d0d320-data/2025/08/26/04/FTD/eu-prod-d4fba51f-d37e-4c69-be57-309e31d0d320-compressed-1-2025-08-26-05-05-31-d29c0227-a503-38c9-9c12-6683c7b6dcf6.json.gz,2025-08-26 05:12:59,1.00s,86
,,,,,,,,s3://eu-prod-swc-compressed-staged-data-eu-central-1/eu-prod-b75ee6bf-999f-41dc-a002-a1a9009d2ad6-data/2025/08/26/04/FTD/eu-prod-b75ee6bf-999f-41dc-a002-a1a9009d2ad6-compressed-1-2025-08-26-05-14-59-de0da672-bbd4-3eaf-a1d6-b38127d9dd9c.json.gz,2025-08-26 05:20:27,1.93m,37,,,,,s3://eu-prod-swc-compressed-staged-data-eu-central-1/eu-prod-7a921b5d-72bf-4fcb-a6fb-e1e34de31ec7-data/2025/08/26/05/FTD/eu-prod-7a921b5d-72bf-4fcb-a6fb-e1e34de31ec7-compressed-1-2025-08-26-05-01-00-2a65fc84-497f-37bb-96e0-6b453544bd2a.json.gz,2025-08-26 05:08:34,7.00s,272,,,,,s3://eu-prod-swc-compressed-staged-data-eu-central-1/eu-prod-040f6579-8ce0-4cd7-bb56-fc5f816a02da-data/2025/08/26/03/FTD/eu-prod-040f6579-8ce0-4cd7-bb56-fc5f816a02da-compressed-buffered-1-2025-08-26-04-47-57-4c626339-5cf9-3378-99fc-a32847322a7c.json.gz,2025-08-26 05:07:50,1.93m,38,,,,,s3://eu-prod-swc-compressed-staged-data-eu-central-1/eu-prod-d4fba51f-d37e-4c69-be57-309e31d0d320-data/2025/08/26/05/FTD/eu-prod-d4fba51f-d37e-4c69-be57-309e31d0d320-compressed-1-2025-08-26-05-05-31-47012627-4b25-363e-b2b8-e874a5a5f608.json.gz,2025-08-26 05:12:58,4.53m,5154
,,,,,,,,s3://eu-prod-swc-compressed-staged-data-eu-central-1/eu-prod-b75ee6bf-999f-41dc-a002-a1a9009d2ad6-data/2025/08/26/05/FTD/eu-prod-b75ee6bf-999f-41dc-a002-a1a9009d2ad6-compressed-1-2025-08-26-05-11-02-8324a156-c364-3706-a70c-35d82921b5a8.json.gz,2025-08-26 05:18:31,4.42m,25996,,,,,s3://eu-prod-swc-compressed-staged-data-eu-central-1/eu-prod-7a921b5d-72bf-4fcb-a6fb-e1e34de31ec7-data/2025/08/26/04/FTD/eu-prod-7a921b5d-72bf-4fcb-a6fb-e1e34de31ec7-compressed-1-2025-08-26-05-01-00-1f1a5c00-f9d7-32a3-9572-c56529c7df56.json.gz,2025-08-26 05:08:27,6.77m,2,,,,,s3://eu-prod-swc-compressed-staged-data-eu-central-1/eu-prod-040f6579-8ce0-4cd7-bb56-fc5f816a02da-data/2025/08/26/04/FTD/eu-prod-040f6579-8ce0-4cd7-bb56-fc5f816a02da-compressed-1-2025-08-26-04-58-30-1f069799-a7cc-369d-82d6-ede9457f43b0.json.gz,2025-08-26 05:05:54,N/A (First file),129,,,,,s3://eu-prod-swc-compressed-staged-data-eu-central-1/eu-prod-d4fba51f-d37e-4c69-be57-309e31d0d320-data/2025/08/26/03/FTD/eu-prod-d4fba51f-d37e-4c69-be57-309e31d0d320-compressed-buffered-1-2025-08-26-04-48-30-6b541204-f81f-376e-826d-ecf9829213bb.json.gz,2025-08-26 05:08:26,1.33m,10
,,,,,,,,s3://eu-prod-swc-compressed-staged-data-eu-central-1/eu-prod-b75ee6bf-999f-41dc-a002-a1a9009d2ad6-data/2025/08/26/03/FTD/eu-prod-b75ee6bf-999f-41dc-a002-a1a9009d2ad6-compressed-buffered-1-2025-08-26-04-54-09-1d84c995-603c-3de7-bb2b-d37dcc8280f2.json.gz,2025-08-26 05:14:06,1.43m,58,,,,,s3://eu-prod-swc-compressed-staged-data-eu-central-1/eu-prod-7a921b5d-72bf-4fcb-a6fb-e1e34de31ec7-data/2025/08/26/04/FTD/eu-prod-7a921b5d-72bf-4fcb-a6fb-e1e34de31ec7-compressed-1-2025-08-26-04-54-16-8fed46c4-539f-368d-92fa-6b4952603cdc.json.gz,2025-08-26 05:01:41,35.00s,194,,,,,,,,,,,,,s3://eu-prod-swc-compressed-staged-data-eu-central-1/eu-prod-d4fba51f-d37e-4c69-be57-309e31d0d320-data/2025/08/26/05/FTD/eu-prod-d4fba51f-d37e-4c69-be57-309e31d0d320-compressed-1-2025-08-26-05-00-31-e79ec24c-6158-31d8-ac14-507755458c6a.json.gz,2025-08-26 05:07:06,7.00s,1816
,,,,,,,,s3://eu-prod-swc-compressed-staged-data-eu-central-1/eu-prod-b75ee6bf-999f-41dc-a002-a1a9009d2ad6-data/2025/08/26/05/FTD/eu-prod-b75ee6bf-999f-41dc-a002-a1a9009d2ad6-compressed-1-2025-08-26-05-05-05-6609c4d0-49d6-347c-8575-87d72f74662d.json.gz,2025-08-26 05:12:40,9.00s,26274,,,,,s3://eu-prod-swc-compressed-staged-data-eu-central-1/eu-prod-7a921b5d-72bf-4fcb-a6fb-e1e34de31ec7-data/2025/08/26/03/FTD/eu-prod-7a921b5d-72bf-4fcb-a6fb-e1e34de31ec7-compressed-buffered-1-2025-08-26-04-40-53-1b500ebc-aa56-3f54-a924-868a04d4c426.json.gz,2025-08-26 05:01:06,N/A (First file),1,,,,,,,,,,,,,s3://eu-prod-swc-compressed-staged-data-eu-central-1/eu-prod-d4fba51f-d37e-4c69-be57-309e31d0d320-data/2025/08/26/04/FTD/eu-prod-d4fba51f-d37e-4c69-be57-309e31d0d320-compressed-1-2025-08-26-04-59-31-e42adb85-e1c8-3c96-b832-72a233ec1c34.json.gz,2025-08-26 05:06:59,5.03m,1903
,,,,,,,,s3://eu-prod-swc-compressed-staged-data-eu-central-1/eu-prod-b75ee6bf-999f-41dc-a002-a1a9009d2ad6-data/2025/08/26/04/FTD/eu-prod-b75ee6bf-999f-41dc-a002-a1a9009d2ad6-compressed-1-2025-08-26-05-05-05-77fc9d93-51c3-38bc-aebd-06b0a4a989ff.json.gz,2025-08-26 05:12:31,5.80m,77,,,,,,,,,,,,,,,,,,,,,s3://eu-prod-swc-compressed-staged-data-eu-central-1/eu-prod-d4fba51f-d37e-4c69-be57-309e31d0d320-data/2025/08/26/04/FTD/eu-prod-d4fba51f-d37e-4c69-be57-309e31d0d320-compressed-1-2025-08-26-04-54-31-a686ecb0-ebb7-3e40-b6b4-62f1e61c4008.json.gz,2025-08-26 05:01:57,N/A (First file),2475
,,,,,,,,s3://eu-prod-swc-compressed-staged-data-eu-central-1/eu-prod-b75ee6bf-999f-41dc-a002-a1a9009d2ad6-data/2025/08/26/05/FTD/eu-prod-b75ee6bf-999f-41dc-a002-a1a9009d2ad6-compressed-1-2025-08-26-05-00-08-b47e07f4-0f2d-3211-86c6-6227f6b72403.json.gz,2025-08-26 05:06:43,8.00s,16985,,,,,,,,,,,,,,,,,,,,,,,,
,,,,,,,,s3://eu-prod-swc-compressed-staged-data-eu-central-1/eu-prod-b75ee6bf-999f-41dc-a002-a1a9009d2ad6-data/2025/08/26/04/FTD/eu-prod-b75ee6bf-999f-41dc-a002-a1a9009d2ad6-compressed-1-2025-08-26-04-59-08-42d32f1b-025f-3ec2-978f-f72b8d8f334a.json.gz,2025-08-26 05:06:35,6.00m,8085,,,,,,,,,,,,,,,,,,,,,,,,
,,,,,,,,s3://eu-prod-swc-compressed-staged-data-eu-central-1/eu-prod-b75ee6bf-999f-41dc-a002-a1a9009d2ad6-data/2025/08/26/04/FTD/eu-prod-b75ee6bf-999f-41dc-a002-a1a9009d2ad6-compressed-1-2025-08-26-04-53-09-aa67be0b-afe2-36c7-bc41-ae858d67bb5e.json.gz,2025-08-26 05:00:35,N/A (First file),22628,,,,,,,,,,,,,,,,,,,,,,,,
Average Interval:,,3.72m,,,,,,Average Interval:,,2.99m,,,,,,Average Interval:,,3.21m,,,,,,Average Interval:,,3.34m,,,,,,Average Interval:,,3.23m,
