CDO_amari_metals_ltd__sytzwr - 65f8da2a-5f4d-4d09-a989-ce6d1c3adb0d,Processing Time UTC,Time Interval,Event Count,,,,,CDO_dfds - b75ee6bf-999f-41dc-a002-a1a9009d2ad6,Processing Time UTC,Time Interval,Event Count
s3://eu-prod-swc-compressed-staged-data-eu-central-1/eu-prod-65f8da2a-5f4d-4d09-a989-ce6d1c3adb0d-data/2025/08/26/07/FTD/eu-prod-65f8da2a-5f4d-4d09-a989-ce6d1c3adb0d-compressed-1-2025-08-26-07-30-37-74bd7f23-45b8-312e-af64-04b434e5a8b7.json.gz,2025-08-26 07:38:03,1.95m,3887,,,,,s3://eu-prod-swc-compressed-staged-data-eu-central-1/eu-prod-b75ee6bf-999f-41dc-a002-a1a9009d2ad6-data/2025/08/26/07/FTD/eu-prod-b75ee6bf-999f-41dc-a002-a1a9009d2ad6-compressed-1-2025-08-26-07-32-02-aa512a5c-5697-34dd-bc52-920cad4a445e.json.gz,2025-08-26 07:39:10,3.67m,67857
s3://eu-prod-swc-compressed-staged-data-eu-central-1/eu-prod-65f8da2a-5f4d-4d09-a989-ce6d1c3adb0d-data/2025/08/26/06/FTD/eu-prod-65f8da2a-5f4d-4d09-a989-ce6d1c3adb0d-compressed-1-2025-08-26-07-29-37-4e0039fc-725a-3d33-b72c-b1637ef1993f.json.gz,2025-08-26 07:36:06,4.07m,7,,,,,s3://eu-prod-swc-compressed-staged-data-eu-central-1/eu-prod-b75ee6bf-999f-41dc-a002-a1a9009d2ad6-data/2025/08/26/06/FTD/eu-prod-b75ee6bf-999f-41dc-a002-a1a9009d2ad6-compressed-1-2025-08-26-07-28-26-cd6abf40-4f93-3767-9c69-984af15159ea.json.gz,2025-08-26 07:35:30,1.00m,60
s3://eu-prod-swc-compressed-staged-data-eu-central-1/eu-prod-65f8da2a-5f4d-4d09-a989-ce6d1c3adb0d-data/2025/08/26/07/FTD/eu-prod-65f8da2a-5f4d-4d09-a989-ce6d1c3adb0d-compressed-1-2025-08-26-07-24-37-40df3406-828c-3e3f-ad37-c8a3f974da56.json.gz,2025-08-26 07:32:02,6.00m,4405,,,,,s3://eu-prod-swc-compressed-staged-data-eu-central-1/eu-prod-b75ee6bf-999f-41dc-a002-a1a9009d2ad6-data/2025/08/26/05/FTD/eu-prod-b75ee6bf-999f-41dc-a002-a1a9009d2ad6-compressed-buffered-1-2025-08-26-07-14-36-f8f3c229-779c-3a27-84ae-a00af3dfa53f.json.gz,2025-08-26 07:34:30,42.00s,1
s3://eu-prod-swc-compressed-staged-data-eu-central-1/eu-prod-65f8da2a-5f4d-4d09-a989-ce6d1c3adb0d-data/2025/08/26/07/FTD/eu-prod-65f8da2a-5f4d-4d09-a989-ce6d1c3adb0d-compressed-1-2025-08-26-07-18-38-76422b4e-faac-375a-85c4-158eef9c51fd.json.gz,2025-08-26 07:26:02,4.02m,5155,,,,,s3://eu-prod-swc-compressed-staged-data-eu-central-1/eu-prod-b75ee6bf-999f-41dc-a002-a1a9009d2ad6-data/2025/08/26/07/FTD/eu-prod-b75ee6bf-999f-41dc-a002-a1a9009d2ad6-compressed-1-2025-08-26-07-26-39-8a00cbcc-8c1a-3476-a15c-23bfdd678e3a.json.gz,2025-08-26 07:33:48,3.58m,60919
s3://eu-prod-swc-compressed-staged-data-eu-central-1/eu-prod-65f8da2a-5f4d-4d09-a989-ce6d1c3adb0d-data/2025/08/26/06/FTD/eu-prod-65f8da2a-5f4d-4d09-a989-ce6d1c3adb0d-compressed-1-2025-08-26-07-15-38-35360ba9-668f-3c6a-80c7-5356c29379e7.json.gz,2025-08-26 07:22:01,1.93m,4,,,,,s3://eu-prod-swc-compressed-staged-data-eu-central-1/eu-prod-b75ee6bf-999f-41dc-a002-a1a9009d2ad6-data/2025/08/26/06/FTD/eu-prod-b75ee6bf-999f-41dc-a002-a1a9009d2ad6-compressed-1-2025-08-26-07-23-13-1995dda7-f825-3a8d-b7de-6c070e05dc7f.json.gz,2025-08-26 07:30:13,1.65m,77
s3://eu-prod-swc-compressed-staged-data-eu-central-1/eu-prod-65f8da2a-5f4d-4d09-a989-ce6d1c3adb0d-data/2025/08/26/07/FTD/eu-prod-65f8da2a-5f4d-4d09-a989-ce6d1c3adb0d-compressed-1-2025-08-26-07-12-38-fef73a44-697b-3d1e-8665-9457abc9b8c1.json.gz,2025-08-26 07:20:05,6.00m,6465,,,,,s3://eu-prod-swc-compressed-staged-data-eu-central-1/eu-prod-b75ee6bf-999f-41dc-a002-a1a9009d2ad6-data/2025/08/26/07/FTD/eu-prod-b75ee6bf-999f-41dc-a002-a1a9009d2ad6-compressed-1-2025-08-26-07-21-28-5140d4b2-38df-3ec2-86c5-3e0806860ddc.json.gz,2025-08-26 07:28:34,3.52m,61363
s3://eu-prod-swc-compressed-staged-data-eu-central-1/eu-prod-65f8da2a-5f4d-4d09-a989-ce6d1c3adb0d-data/2025/08/26/06/FTD/eu-prod-65f8da2a-5f4d-4d09-a989-ce6d1c3adb0d-compressed-1-2025-08-26-07-06-38-93473dcd-4346-3d49-a0e9-38eabcba15ec.json.gz,2025-08-26 07:14:05,1.00s,1,,,,,s3://eu-prod-swc-compressed-staged-data-eu-central-1/eu-prod-b75ee6bf-999f-41dc-a002-a1a9009d2ad6-data/2025/08/26/06/FTD/eu-prod-b75ee6bf-999f-41dc-a002-a1a9009d2ad6-compressed-1-2025-08-26-07-18-06-53a10748-cf9b-3bb2-b13a-0486570ec225.json.gz,2025-08-26 07:25:03,1.67m,113
s3://eu-prod-swc-compressed-staged-data-eu-central-1/eu-prod-65f8da2a-5f4d-4d09-a989-ce6d1c3adb0d-data/2025/08/26/07/FTD/eu-prod-65f8da2a-5f4d-4d09-a989-ce6d1c3adb0d-compressed-1-2025-08-26-07-06-38-cc77c4ac-3e3e-36a0-b752-e90bd5427b75.json.gz,2025-08-26 07:14:04,5.48m,6352,,,,,s3://eu-prod-swc-compressed-staged-data-eu-central-1/eu-prod-b75ee6bf-999f-41dc-a002-a1a9009d2ad6-data/2025/08/26/07/FTD/eu-prod-b75ee6bf-999f-41dc-a002-a1a9009d2ad6-compressed-1-2025-08-26-07-16-20-f9995336-65e9-3329-b210-77b67729d596.json.gz,2025-08-26 07:23:23,3.45m,60284
s3://eu-prod-swc-compressed-staged-data-eu-central-1/eu-prod-65f8da2a-5f4d-4d09-a989-ce6d1c3adb0d-data/2025/08/25/21/FTD/eu-prod-65f8da2a-5f4d-4d09-a989-ce6d1c3adb0d-compressed-buffered-1-2025-08-26-06-48-37-4e3ee21f-7d2b-3e41-b988-e5b80107baf0.json.gz,2025-08-26 07:08:35,22.00s,1,,,,,s3://eu-prod-swc-compressed-staged-data-eu-central-1/eu-prod-b75ee6bf-999f-41dc-a002-a1a9009d2ad6-data/2025/08/26/06/FTD/eu-prod-b75ee6bf-999f-41dc-a002-a1a9009d2ad6-compressed-1-2025-08-26-07-12-46-82f568e2-ebd4-3f36-bbdf-04d04c58051b.json.gz,2025-08-26 07:19:56,1.87m,118
s3://eu-prod-swc-compressed-staged-data-eu-central-1/eu-prod-65f8da2a-5f4d-4d09-a989-ce6d1c3adb0d-data/2025/08/26/07/FTD/eu-prod-65f8da2a-5f4d-4d09-a989-ce6d1c3adb0d-compressed-1-2025-08-26-07-00-38-c8d1630c-c61b-3f18-a66a-5fe65c8d4d6f.json.gz,2025-08-26 07:08:13,9.00s,3773,,,,,s3://eu-prod-swc-compressed-staged-data-eu-central-1/eu-prod-b75ee6bf-999f-41dc-a002-a1a9009d2ad6-data/2025/08/26/07/FTD/eu-prod-b75ee6bf-999f-41dc-a002-a1a9009d2ad6-compressed-1-2025-08-26-07-10-59-458afbf3-37fd-3a25-8eaa-54ce88a8223f.json.gz,2025-08-26 07:18:04,3.40m,60641
s3://eu-prod-swc-compressed-staged-data-eu-central-1/eu-prod-65f8da2a-5f4d-4d09-a989-ce6d1c3adb0d-data/2025/08/26/06/FTD/eu-prod-65f8da2a-5f4d-4d09-a989-ce6d1c3adb0d-compressed-1-2025-08-26-07-00-38-57deb8ec-c8db-3518-ad1f-57e58a52f4e5.json.gz,2025-08-26 07:08:04,5.92m,815,,,,,s3://eu-prod-swc-compressed-staged-data-eu-central-1/eu-prod-b75ee6bf-999f-41dc-a002-a1a9009d2ad6-data/2025/08/26/06/FTD/eu-prod-b75ee6bf-999f-41dc-a002-a1a9009d2ad6-compressed-1-2025-08-26-07-07-35-6f0290a7-2ed6-31fc-b5bd-bbf8b048ec73.json.gz,2025-08-26 07:14:40,1.83m,213
s3://eu-prod-swc-compressed-staged-data-eu-central-1/eu-prod-65f8da2a-5f4d-4d09-a989-ce6d1c3adb0d-data/2025/08/26/06/FTD/eu-prod-65f8da2a-5f4d-4d09-a989-ce6d1c3adb0d-compressed-1-2025-08-26-06-54-38-52a56e70-b063-3a83-9e00-d7b253d6fd0c.json.gz,2025-08-26 07:02:09,6.10m,3830,,,,,s3://eu-prod-swc-compressed-staged-data-eu-central-1/eu-prod-b75ee6bf-999f-41dc-a002-a1a9009d2ad6-data/2025/08/26/07/FTD/eu-prod-b75ee6bf-999f-41dc-a002-a1a9009d2ad6-compressed-1-2025-08-26-07-05-46-cfad897c-fee1-3fa2-8455-742e0e257f69.json.gz,2025-08-26 07:12:50,3.20m,59652
s3://eu-prod-swc-compressed-staged-data-eu-central-1/eu-prod-65f8da2a-5f4d-4d09-a989-ce6d1c3adb0d-data/2025/08/26/06/FTD/eu-prod-65f8da2a-5f4d-4d09-a989-ce6d1c3adb0d-compressed-1-2025-08-26-06-48-37-a4ebb23e-4091-3ff0-9dce-7d0aaa9d6d06.json.gz,2025-08-26 06:56:03,5.97m,3855,,,,,s3://eu-prod-swc-compressed-staged-data-eu-central-1/eu-prod-b75ee6bf-999f-41dc-a002-a1a9009d2ad6-data/2025/08/26/05/FTD/eu-prod-b75ee6bf-999f-41dc-a002-a1a9009d2ad6-compressed-buffered-1-2025-08-26-06-49-40-e1339230-4a39-3c5d-a40d-ca90e384c43e.json.gz,2025-08-26 07:09:38,8.00s,115
s3://eu-prod-swc-compressed-staged-data-eu-central-1/eu-prod-65f8da2a-5f4d-4d09-a989-ce6d1c3adb0d-data/2025/08/26/06/FTD/eu-prod-65f8da2a-5f4d-4d09-a989-ce6d1c3adb0d-compressed-1-2025-08-26-06-42-37-abee1af9-9114-3183-983d-fcf9c1e1d556.json.gz,2025-08-26 06:50:05,6.07m,3867,,,,,s3://eu-prod-swc-compressed-staged-data-eu-central-1/eu-prod-b75ee6bf-999f-41dc-a002-a1a9009d2ad6-data/2025/08/26/06/FTD/eu-prod-b75ee6bf-999f-41dc-a002-a1a9009d2ad6-compressed-1-2025-08-26-07-02-30-25ed5e6a-af61-3d09-a96c-7cb0d1d794e8.json.gz,2025-08-26 07:09:30,3.37m,174
s3://eu-prod-swc-compressed-staged-data-eu-central-1/eu-prod-65f8da2a-5f4d-4d09-a989-ce6d1c3adb0d-data/2025/08/26/06/FTD/eu-prod-65f8da2a-5f4d-4d09-a989-ce6d1c3adb0d-compressed-1-2025-08-26-06-36-37-c8e6dad6-2547-3142-8abf-066335c590da.json.gz,2025-08-26 06:44:01,2.20m,3859,,,,,s3://eu-prod-swc-compressed-staged-data-eu-central-1/eu-prod-b75ee6bf-999f-41dc-a002-a1a9009d2ad6-data/2025/08/26/07/FTD/eu-prod-b75ee6bf-999f-41dc-a002-a1a9009d2ad6-compressed-1-2025-08-26-07-00-10-73362da2-eb3f-3793-bb0c-5ba02e6f8596.json.gz,2025-08-26 07:06:08,1.82m,57733
s3://eu-prod-swc-compressed-staged-data-eu-central-1/eu-prod-65f8da2a-5f4d-4d09-a989-ce6d1c3adb0d-data/2025/08/25/12/FTD/eu-prod-65f8da2a-5f4d-4d09-a989-ce6d1c3adb0d-compressed-buffered-1-2025-08-26-06-21-37-ffca9e73-a6e8-3cf2-a7b7-9bdb9cafc8da.json.gz,2025-08-26 06:41:49,2.82m,1,,,,,s3://eu-prod-swc-compressed-staged-data-eu-central-1/eu-prod-b75ee6bf-999f-41dc-a002-a1a9009d2ad6-data/2025/08/26/06/FTD/eu-prod-b75ee6bf-999f-41dc-a002-a1a9009d2ad6-compressed-1-2025-08-26-06-57-13-e221dac6-ac62-31fb-ab98-75db3bf5dae3.json.gz,2025-08-26 07:04:19,6.00m,37638
s3://eu-prod-swc-compressed-staged-data-eu-central-1/eu-prod-65f8da2a-5f4d-4d09-a989-ce6d1c3adb0d-data/2025/08/26/06/FTD/eu-prod-65f8da2a-5f4d-4d09-a989-ce6d1c3adb0d-compressed-1-2025-08-26-06-31-38-6bf4c7a6-49f0-3d65-b6a1-085b6dac3d7b.json.gz,2025-08-26 06:39:00,1.98m,3222,,,,,s3://eu-prod-swc-compressed-staged-data-eu-central-1/eu-prod-b75ee6bf-999f-41dc-a002-a1a9009d2ad6-data/2025/08/26/06/FTD/eu-prod-b75ee6bf-999f-41dc-a002-a1a9009d2ad6-compressed-1-2025-08-26-06-51-04-af9c674d-71c9-348f-86b7-bf8e2283d2c4.json.gz,2025-08-26 06:58:19,5.73m,65053
s3://eu-prod-swc-compressed-staged-data-eu-central-1/eu-prod-65f8da2a-5f4d-4d09-a989-ce6d1c3adb0d-data/2025/08/26/05/FTD/eu-prod-65f8da2a-5f4d-4d09-a989-ce6d1c3adb0d-compressed-1-2025-08-26-06-29-38-be48d737-6645-3a2e-a43d-fdc0a26b7901.json.gz,2025-08-26 06:37:01,3.93m,6,,,,,s3://eu-prod-swc-compressed-staged-data-eu-central-1/eu-prod-b75ee6bf-999f-41dc-a002-a1a9009d2ad6-data/2025/08/26/06/FTD/eu-prod-b75ee6bf-999f-41dc-a002-a1a9009d2ad6-compressed-1-2025-08-26-06-45-22-2ed030c5-b0df-3060-9548-864bbcada036.json.gz,2025-08-26 06:52:35,36.00s,50289
s3://eu-prod-swc-compressed-staged-data-eu-central-1/eu-prod-65f8da2a-5f4d-4d09-a989-ce6d1c3adb0d-data/2025/08/26/06/FTD/eu-prod-65f8da2a-5f4d-4d09-a989-ce6d1c3adb0d-compressed-1-2025-08-26-06-25-37-602675d7-ebdf-3ab5-8051-a5413cc6c02b.json.gz,2025-08-26 06:33:05,2.02m,4314,,,,,s3://eu-prod-swc-compressed-staged-data-eu-central-1/eu-prod-b75ee6bf-999f-41dc-a002-a1a9009d2ad6-data/2025/08/26/05/FTD/eu-prod-b75ee6bf-999f-41dc-a002-a1a9009d2ad6-compressed-buffered-1-2025-08-26-06-31-55-4f5740db-fc84-358f-9403-58031e7e6831.json.gz,2025-08-26 06:51:59,5.25m,530
s3://eu-prod-swc-compressed-staged-data-eu-central-1/eu-prod-65f8da2a-5f4d-4d09-a989-ce6d1c3adb0d-data/2025/08/26/05/FTD/eu-prod-65f8da2a-5f4d-4d09-a989-ce6d1c3adb0d-compressed-1-2025-08-26-06-23-38-8adc8732-b542-3d1e-9808-f216ab4b919c.json.gz,2025-08-26 06:31:04,4.02m,1,,,,,s3://eu-prod-swc-compressed-staged-data-eu-central-1/eu-prod-b75ee6bf-999f-41dc-a002-a1a9009d2ad6-data/2025/08/26/06/FTD/eu-prod-b75ee6bf-999f-41dc-a002-a1a9009d2ad6-compressed-1-2025-08-26-06-39-29-b0b164fe-9547-3941-9ad4-5691d135170c.json.gz,2025-08-26 06:46:44,5.68m,52322
s3://eu-prod-swc-compressed-staged-data-eu-central-1/eu-prod-65f8da2a-5f4d-4d09-a989-ce6d1c3adb0d-data/2025/08/26/06/FTD/eu-prod-65f8da2a-5f4d-4d09-a989-ce6d1c3adb0d-compressed-1-2025-08-26-06-19-37-4edf871a-cd99-3b21-b4fe-8a15a075b317.json.gz,2025-08-26 06:27:03,3.98m,4904,,,,,s3://eu-prod-swc-compressed-staged-data-eu-central-1/eu-prod-b75ee6bf-999f-41dc-a002-a1a9009d2ad6-data/2025/08/26/06/FTD/eu-prod-b75ee6bf-999f-41dc-a002-a1a9009d2ad6-compressed-1-2025-08-26-06-33-56-a1180c22-1779-3a85-9883-5df37b0aea04.json.gz,2025-08-26 06:41:03,5.52m,51299
s3://eu-prod-swc-compressed-staged-data-eu-central-1/eu-prod-65f8da2a-5f4d-4d09-a989-ce6d1c3adb0d-data/2025/08/26/05/FTD/eu-prod-65f8da2a-5f4d-4d09-a989-ce6d1c3adb0d-compressed-1-2025-08-26-06-15-38-60b28b44-d8b8-38c7-a67c-fffb6b3247fd.json.gz,2025-08-26 06:23:04,2.02m,4,,,,,s3://eu-prod-swc-compressed-staged-data-eu-central-1/eu-prod-b75ee6bf-999f-41dc-a002-a1a9009d2ad6-data/2025/08/26/06/FTD/eu-prod-b75ee6bf-999f-41dc-a002-a1a9009d2ad6-compressed-1-2025-08-26-06-28-12-5be56e3f-8c75-38b2-a08c-c5929c4cb706.json.gz,2025-08-26 06:35:32,1.68m,50103
s3://eu-prod-swc-compressed-staged-data-eu-central-1/eu-prod-65f8da2a-5f4d-4d09-a989-ce6d1c3adb0d-data/2025/08/26/06/FTD/eu-prod-65f8da2a-5f4d-4d09-a989-ce6d1c3adb0d-compressed-1-2025-08-26-06-13-38-38c8e078-b72d-3a1c-8323-821c38706862.json.gz,2025-08-26 06:21:03,3.02m,6236,,,,,s3://eu-prod-swc-compressed-staged-data-eu-central-1/eu-prod-b75ee6bf-999f-41dc-a002-a1a9009d2ad6-data/2025/08/26/05/FTD/eu-prod-b75ee6bf-999f-41dc-a002-a1a9009d2ad6-compressed-1-2025-08-26-06-26-35-613bae9f-e4d9-3727-beff-78d93c83ab7b.json.gz,2025-08-26 06:33:51,4.45m,118
s3://eu-prod-swc-compressed-staged-data-eu-central-1/eu-prod-65f8da2a-5f4d-4d09-a989-ce6d1c3adb0d-data/2025/08/26/05/FTD/eu-prod-65f8da2a-5f4d-4d09-a989-ce6d1c3adb0d-compressed-1-2025-08-26-06-10-38-38d92372-db43-3c3c-86fd-2b9d51b39920.json.gz,2025-08-26 06:18:02,4.00m,2,,,,,s3://eu-prod-swc-compressed-staged-data-eu-central-1/eu-prod-b75ee6bf-999f-41dc-a002-a1a9009d2ad6-data/2025/08/26/04/FTD/eu-prod-b75ee6bf-999f-41dc-a002-a1a9009d2ad6-compressed-buffered-1-2025-08-26-06-09-24-c54b1f41-a9a3-3594-bb91-1552538e41a9.json.gz,2025-08-26 06:29:24,13.00s,2
s3://eu-prod-swc-compressed-staged-data-eu-central-1/eu-prod-65f8da2a-5f4d-4d09-a989-ce6d1c3adb0d-data/2025/08/26/06/FTD/eu-prod-65f8da2a-5f4d-4d09-a989-ce6d1c3adb0d-compressed-1-2025-08-26-06-06-38-dfc0a1bf-da57-32ba-a9d5-c0441409c854.json.gz,2025-08-26 06:14:02,5.85m,7521,,,,,s3://eu-prod-swc-compressed-staged-data-eu-central-1/eu-prod-b75ee6bf-999f-41dc-a002-a1a9009d2ad6-data/2025/08/26/06/FTD/eu-prod-b75ee6bf-999f-41dc-a002-a1a9009d2ad6-compressed-1-2025-08-26-06-22-00-7cc93888-588c-36d1-a76b-0396fb7b5f40.json.gz,2025-08-26 06:29:11,1.42m,49012
s3://eu-prod-swc-compressed-staged-data-eu-central-1/eu-prod-65f8da2a-5f4d-4d09-a989-ce6d1c3adb0d-data/2025/08/26/06/FTD/eu-prod-65f8da2a-5f4d-4d09-a989-ce6d1c3adb0d-compressed-1-2025-08-26-06-00-38-6942d23d-d490-385f-bd0d-8cc92e60cad2.json.gz,2025-08-26 06:08:11,9.00s,3730,,,,,s3://eu-prod-swc-compressed-staged-data-eu-central-1/eu-prod-b75ee6bf-999f-41dc-a002-a1a9009d2ad6-data/2025/08/26/05/FTD/eu-prod-b75ee6bf-999f-41dc-a002-a1a9009d2ad6-compressed-1-2025-08-26-06-20-32-1374c077-d494-3d5e-8371-4ec3c4cfe8fa.json.gz,2025-08-26 06:27:46,4.35m,135
s3://eu-prod-swc-compressed-staged-data-eu-central-1/eu-prod-65f8da2a-5f4d-4d09-a989-ce6d1c3adb0d-data/2025/08/26/05/FTD/eu-prod-65f8da2a-5f4d-4d09-a989-ce6d1c3adb0d-compressed-1-2025-08-26-06-00-38-78f4e734-f1c0-3e29-bed6-99e66bcc3e59.json.gz,2025-08-26 06:08:02,5.95m,732,,,,,s3://eu-prod-swc-compressed-staged-data-eu-central-1/eu-prod-b75ee6bf-999f-41dc-a002-a1a9009d2ad6-data/2025/08/26/06/FTD/eu-prod-b75ee6bf-999f-41dc-a002-a1a9009d2ad6-compressed-1-2025-08-26-06-16-08-29d41452-aa90-3d9c-a8d9-e53e2ff5c223.json.gz,2025-08-26 06:23:25,1.67m,49877
s3://eu-prod-swc-compressed-staged-data-eu-central-1/eu-prod-65f8da2a-5f4d-4d09-a989-ce6d1c3adb0d-data/2025/08/26/05/FTD/eu-prod-65f8da2a-5f4d-4d09-a989-ce6d1c3adb0d-compressed-1-2025-08-26-05-54-38-546a9ea4-e76f-3b55-bc24-3da84a154dd1.json.gz,2025-08-26 06:02:05,6.00m,3834,,,,,s3://eu-prod-swc-compressed-staged-data-eu-central-1/eu-prod-b75ee6bf-999f-41dc-a002-a1a9009d2ad6-data/2025/08/26/05/FTD/eu-prod-b75ee6bf-999f-41dc-a002-a1a9009d2ad6-compressed-1-2025-08-26-06-14-27-ad2a6f16-6054-38f6-9c3e-8c5068c4b944.json.gz,2025-08-26 06:21:45,3.25m,54
s3://eu-prod-swc-compressed-staged-data-eu-central-1/eu-prod-65f8da2a-5f4d-4d09-a989-ce6d1c3adb0d-data/2025/08/26/05/FTD/eu-prod-65f8da2a-5f4d-4d09-a989-ce6d1c3adb0d-compressed-1-2025-08-26-05-48-37-7be3b7e0-75d3-30e6-947b-493544d1bf25.json.gz,2025-08-26 05:56:05,6.03m,3827,,,,,s3://eu-prod-swc-compressed-staged-data-eu-central-1/eu-prod-b75ee6bf-999f-41dc-a002-a1a9009d2ad6-data/2025/08/26/06/FTD/eu-prod-b75ee6bf-999f-41dc-a002-a1a9009d2ad6-compressed-1-2025-08-26-06-11-10-cb2104c8-0a27-3fbd-ad44-6545ed512e01.json.gz,2025-08-26 06:18:30,1.77m,37531
s3://eu-prod-swc-compressed-staged-data-eu-central-1/eu-prod-65f8da2a-5f4d-4d09-a989-ce6d1c3adb0d-data/2025/08/26/05/FTD/eu-prod-65f8da2a-5f4d-4d09-a989-ce6d1c3adb0d-compressed-1-2025-08-26-05-42-38-0e95d242-29c4-35ed-8a80-f0a6d1387032.json.gz,2025-08-26 05:50:03,6.00m,3922,,,,,s3://eu-prod-swc-compressed-staged-data-eu-central-1/eu-prod-b75ee6bf-999f-41dc-a002-a1a9009d2ad6-data/2025/08/26/05/FTD/eu-prod-b75ee6bf-999f-41dc-a002-a1a9009d2ad6-compressed-1-2025-08-26-06-09-26-ff2d5a6a-a0e8-321f-a1be-c67bd0a81962.json.gz,2025-08-26 06:16:44,3.50m,87
s3://eu-prod-swc-compressed-staged-data-eu-central-1/eu-prod-65f8da2a-5f4d-4d09-a989-ce6d1c3adb0d-data/2025/08/26/05/FTD/eu-prod-65f8da2a-5f4d-4d09-a989-ce6d1c3adb0d-compressed-1-2025-08-26-05-36-38-0cdbfcc9-459a-3d7a-9f53-b92972e81f74.json.gz,2025-08-26 05:44:03,5.95m,3912,,,,,s3://eu-prod-swc-compressed-staged-data-eu-central-1/eu-prod-b75ee6bf-999f-41dc-a002-a1a9009d2ad6-data/2025/08/26/06/FTD/eu-prod-b75ee6bf-999f-41dc-a002-a1a9009d2ad6-compressed-1-2025-08-26-06-05-49-fb71a65e-cd22-3997-8831-0fc0ad99ee0d.json.gz,2025-08-26 06:13:14,1.92m,36476
s3://eu-prod-swc-compressed-staged-data-eu-central-1/eu-prod-65f8da2a-5f4d-4d09-a989-ce6d1c3adb0d-data/2025/08/26/05/FTD/eu-prod-65f8da2a-5f4d-4d09-a989-ce6d1c3adb0d-compressed-1-2025-08-26-05-30-37-d128ceb8-fcc2-370b-b417-8c23219af895.json.gz,2025-08-26 05:38:06,2.08m,3839,,,,,s3://eu-prod-swc-compressed-staged-data-eu-central-1/eu-prod-b75ee6bf-999f-41dc-a002-a1a9009d2ad6-data/2025/08/26/05/FTD/eu-prod-b75ee6bf-999f-41dc-a002-a1a9009d2ad6-compressed-1-2025-08-26-06-04-02-176e55ce-1e65-304e-be3e-a978b8c9e5a9.json.gz,2025-08-26 06:11:19,3.28m,102
s3://eu-prod-swc-compressed-staged-data-eu-central-1/eu-prod-65f8da2a-5f4d-4d09-a989-ce6d1c3adb0d-data/2025/08/26/04/FTD/eu-prod-65f8da2a-5f4d-4d09-a989-ce6d1c3adb0d-compressed-1-2025-08-26-05-29-37-d26b03f7-2e9e-3ba9-ac01-18d9c00a4744.json.gz,2025-08-26 05:36:01,4.00m,6,,,,,s3://eu-prod-swc-compressed-staged-data-eu-central-1/eu-prod-b75ee6bf-999f-41dc-a002-a1a9009d2ad6-data/2025/08/26/06/FTD/eu-prod-b75ee6bf-999f-41dc-a002-a1a9009d2ad6-compressed-1-2025-08-26-06-00-39-18c61322-b599-3978-92b1-5f0433dc52cf.json.gz,2025-08-26 06:08:02,22.00s,35079
s3://eu-prod-swc-compressed-staged-data-eu-central-1/eu-prod-65f8da2a-5f4d-4d09-a989-ce6d1c3adb0d-data/2025/08/26/05/FTD/eu-prod-65f8da2a-5f4d-4d09-a989-ce6d1c3adb0d-compressed-1-2025-08-26-05-24-37-7c1952d4-c6d0-34b3-858f-0177fb9cf9a9.json.gz,2025-08-26 05:32:01,6.02m,4342,,,,,s3://eu-prod-swc-compressed-staged-data-eu-central-1/eu-prod-b75ee6bf-999f-41dc-a002-a1a9009d2ad6-data/2025/08/26/04/FTD/eu-prod-b75ee6bf-999f-41dc-a002-a1a9009d2ad6-compressed-buffered-1-2025-08-26-05-47-47-1a2bf503-f82a-34c5-ad27-d3296f2c6fb2.json.gz,2025-08-26 06:07:40,1.52m,220
s3://eu-prod-swc-compressed-staged-data-eu-central-1/eu-prod-65f8da2a-5f4d-4d09-a989-ce6d1c3adb0d-data/2025/08/26/05/FTD/eu-prod-65f8da2a-5f4d-4d09-a989-ce6d1c3adb0d-compressed-1-2025-08-26-05-18-33-53716bbb-5da7-3a0b-b948-a7a69cc2b985.json.gz,2025-08-26 05:26:00,4.02m,5205,,,,,s3://eu-prod-swc-compressed-staged-data-eu-central-1/eu-prod-b75ee6bf-999f-41dc-a002-a1a9009d2ad6-data/2025/08/26/05/FTD/eu-prod-b75ee6bf-999f-41dc-a002-a1a9009d2ad6-compressed-1-2025-08-26-05-58-42-5e3a8122-2c50-3768-9a49-34c53ac59b29.json.gz,2025-08-26 06:06:09,6.02m,14061
s3://eu-prod-swc-compressed-staged-data-eu-central-1/eu-prod-65f8da2a-5f4d-4d09-a989-ce6d1c3adb0d-data/2025/08/26/04/FTD/eu-prod-65f8da2a-5f4d-4d09-a989-ce6d1c3adb0d-compressed-1-2025-08-26-05-15-33-4a8a53c4-00ed-390f-9100-d964059aab5f.json.gz,2025-08-26 05:21:59,1.98m,3,,,,,s3://eu-prod-swc-compressed-staged-data-eu-central-1/eu-prod-b75ee6bf-999f-41dc-a002-a1a9009d2ad6-data/2025/08/26/05/FTD/eu-prod-b75ee6bf-999f-41dc-a002-a1a9009d2ad6-compressed-1-2025-08-26-05-52-43-68a4ad1e-2084-37a3-a075-e24100eb3e33.json.gz,2025-08-26 06:00:08,5.95m,33850
s3://eu-prod-swc-compressed-staged-data-eu-central-1/eu-prod-65f8da2a-5f4d-4d09-a989-ce6d1c3adb0d-data/2025/08/26/05/FTD/eu-prod-65f8da2a-5f4d-4d09-a989-ce6d1c3adb0d-compressed-1-2025-08-26-05-12-33-7b961b77-be69-3718-8a80-2a160953a3be.json.gz,2025-08-26 05:20:00,1.57m,6442,,,,,s3://eu-prod-swc-compressed-staged-data-eu-central-1/eu-prod-b75ee6bf-999f-41dc-a002-a1a9009d2ad6-data/2025/08/26/05/FTD/eu-prod-b75ee6bf-999f-41dc-a002-a1a9009d2ad6-compressed-1-2025-08-26-05-46-45-7430b52d-f08d-381f-988b-4d97742dd885.json.gz,2025-08-26 05:54:11,2.22m,32745
s3://eu-prod-swc-compressed-staged-data-eu-central-1/eu-prod-65f8da2a-5f4d-4d09-a989-ce6d1c3adb0d-data/2025/08/22/13/FTD/eu-prod-65f8da2a-5f4d-4d09-a989-ce6d1c3adb0d-compressed-buffered-1-2025-08-26-04-58-32-9df8b1c6-e24f-3037-8112-4b75916dd760.json.gz,2025-08-26 05:18:26,4.42m,1,,,,,s3://eu-prod-swc-compressed-staged-data-eu-central-1/eu-prod-b75ee6bf-999f-41dc-a002-a1a9009d2ad6-data/2025/08/26/04/FTD/eu-prod-b75ee6bf-999f-41dc-a002-a1a9009d2ad6-compressed-buffered-1-2025-08-26-05-31-53-d42e8e38-64dc-301a-8446-80ce7ec707c4.json.gz,2025-08-26 05:51:58,3.70m,85
s3://eu-prod-swc-compressed-staged-data-eu-central-1/eu-prod-65f8da2a-5f4d-4d09-a989-ce6d1c3adb0d-data/2025/08/26/04/FTD/eu-prod-65f8da2a-5f4d-4d09-a989-ce6d1c3adb0d-compressed-1-2025-08-26-05-07-33-c21caae1-db63-37a1-8afc-995c0339a6fb.json.gz,2025-08-26 05:14:01,3.00s,3,,,,,s3://eu-prod-swc-compressed-staged-data-eu-central-1/eu-prod-b75ee6bf-999f-41dc-a002-a1a9009d2ad6-data/2025/08/26/05/FTD/eu-prod-b75ee6bf-999f-41dc-a002-a1a9009d2ad6-compressed-1-2025-08-26-05-40-48-6c1a2838-c4fd-3f05-b88a-b3adde11fed4.json.gz,2025-08-26 05:48:16,6.02m,29051
s3://eu-prod-swc-compressed-staged-data-eu-central-1/eu-prod-65f8da2a-5f4d-4d09-a989-ce6d1c3adb0d-data/2025/08/26/05/FTD/eu-prod-65f8da2a-5f4d-4d09-a989-ce6d1c3adb0d-compressed-1-2025-08-26-05-06-33-a79be6b7-d443-3065-ad76-e1b87feb620c.json.gz,2025-08-26 05:13:58,5.85m,6428,,,,,s3://eu-prod-swc-compressed-staged-data-eu-central-1/eu-prod-b75ee6bf-999f-41dc-a002-a1a9009d2ad6-data/2025/08/26/05/FTD/eu-prod-b75ee6bf-999f-41dc-a002-a1a9009d2ad6-compressed-1-2025-08-26-05-34-51-e6d3f4ed-0311-3904-84d7-6cf98bef2146.json.gz,2025-08-26 05:42:15,3.93m,30365
s3://eu-prod-swc-compressed-staged-data-eu-central-1/eu-prod-65f8da2a-5f4d-4d09-a989-ce6d1c3adb0d-data/2025/08/26/05/FTD/eu-prod-65f8da2a-5f4d-4d09-a989-ce6d1c3adb0d-compressed-1-2025-08-26-05-00-33-a0588d94-4a7b-3bda-8160-1b65b537df7c.json.gz,2025-08-26 05:08:07,10.00s,3615,,,,,s3://eu-prod-swc-compressed-staged-data-eu-central-1/eu-prod-b75ee6bf-999f-41dc-a002-a1a9009d2ad6-data/2025/08/26/04/FTD/eu-prod-b75ee6bf-999f-41dc-a002-a1a9009d2ad6-compressed-1-2025-08-26-05-30-53-4ca8e0d9-8581-3973-8da0-232948cec021.json.gz,2025-08-26 05:38:19,1.95m,4
s3://eu-prod-swc-compressed-staged-data-eu-central-1/eu-prod-65f8da2a-5f4d-4d09-a989-ce6d1c3adb0d-data/2025/08/26/04/FTD/eu-prod-65f8da2a-5f4d-4d09-a989-ce6d1c3adb0d-compressed-1-2025-08-26-05-00-33-37ac2039-9610-31d4-8f15-654d5350f574.json.gz,2025-08-26 05:07:57,5.93m,786,,,,,s3://eu-prod-swc-compressed-staged-data-eu-central-1/eu-prod-b75ee6bf-999f-41dc-a002-a1a9009d2ad6-data/2025/08/26/05/FTD/eu-prod-b75ee6bf-999f-41dc-a002-a1a9009d2ad6-compressed-1-2025-08-26-05-28-55-c9ab8dd4-fe66-39bd-b25f-b949cd3e78df.json.gz,2025-08-26 05:36:22,3.97m,28285
s3://eu-prod-swc-compressed-staged-data-eu-central-1/eu-prod-65f8da2a-5f4d-4d09-a989-ce6d1c3adb0d-data/2025/08/26/04/FTD/eu-prod-65f8da2a-5f4d-4d09-a989-ce6d1c3adb0d-compressed-1-2025-08-26-04-54-32-0fb3c88a-640b-338e-b62c-b41e1617a729.json.gz,2025-08-26 05:02:01,N/A (First file),3889,,,,,s3://eu-prod-swc-compressed-staged-data-eu-central-1/eu-prod-b75ee6bf-999f-41dc-a002-a1a9009d2ad6-data/2025/08/26/04/FTD/eu-prod-b75ee6bf-999f-41dc-a002-a1a9009d2ad6-compressed-1-2025-08-26-05-24-56-62dcc450-da76-37fc-ac89-904e21dc8fb9.json.gz,2025-08-26 05:32:24,2.02m,22
,,,,,,,,s3://eu-prod-swc-compressed-staged-data-eu-central-1/eu-prod-b75ee6bf-999f-41dc-a002-a1a9009d2ad6-data/2025/08/26/05/FTD/eu-prod-b75ee6bf-999f-41dc-a002-a1a9009d2ad6-compressed-1-2025-08-26-05-22-57-ea5b6b94-1a5c-38ca-af45-979c8e1c87ed.json.gz,2025-08-26 05:30:23,4.02m,29197
,,,,,,,,s3://eu-prod-swc-compressed-staged-data-eu-central-1/eu-prod-b75ee6bf-999f-41dc-a002-a1a9009d2ad6-data/2025/08/26/04/FTD/eu-prod-b75ee6bf-999f-41dc-a002-a1a9009d2ad6-compressed-1-2025-08-26-05-19-01-8495c143-2510-3ebc-8541-446a34dfb191.json.gz,2025-08-26 05:26:22,1.92m,40
,,,,,,,,s3://eu-prod-swc-compressed-staged-data-eu-central-1/eu-prod-b75ee6bf-999f-41dc-a002-a1a9009d2ad6-data/2025/08/26/05/FTD/eu-prod-b75ee6bf-999f-41dc-a002-a1a9009d2ad6-compressed-1-2025-08-26-05-17-01-73e7e4fa-aeac-32b2-847a-f6855ef87294.json.gz,2025-08-26 05:24:27,4.00m,28216
,,,,,,,,s3://eu-prod-swc-compressed-staged-data-eu-central-1/eu-prod-b75ee6bf-999f-41dc-a002-a1a9009d2ad6-data/2025/08/26/04/FTD/eu-prod-b75ee6bf-999f-41dc-a002-a1a9009d2ad6-compressed-1-2025-08-26-05-14-59-de0da672-bbd4-3eaf-a1d6-b38127d9dd9c.json.gz,2025-08-26 05:20:27,1.93m,37
,,,,,,,,s3://eu-prod-swc-compressed-staged-data-eu-central-1/eu-prod-b75ee6bf-999f-41dc-a002-a1a9009d2ad6-data/2025/08/26/05/FTD/eu-prod-b75ee6bf-999f-41dc-a002-a1a9009d2ad6-compressed-1-2025-08-26-05-11-02-8324a156-c364-3706-a70c-35d82921b5a8.json.gz,2025-08-26 05:18:31,4.42m,25996
,,,,,,,,s3://eu-prod-swc-compressed-staged-data-eu-central-1/eu-prod-b75ee6bf-999f-41dc-a002-a1a9009d2ad6-data/2025/08/26/03/FTD/eu-prod-b75ee6bf-999f-41dc-a002-a1a9009d2ad6-compressed-buffered-1-2025-08-26-04-54-09-1d84c995-603c-3de7-bb2b-d37dcc8280f2.json.gz,2025-08-26 05:14:06,1.43m,58
,,,,,,,,s3://eu-prod-swc-compressed-staged-data-eu-central-1/eu-prod-b75ee6bf-999f-41dc-a002-a1a9009d2ad6-data/2025/08/26/05/FTD/eu-prod-b75ee6bf-999f-41dc-a002-a1a9009d2ad6-compressed-1-2025-08-26-05-05-05-6609c4d0-49d6-347c-8575-87d72f74662d.json.gz,2025-08-26 05:12:40,9.00s,26274
,,,,,,,,s3://eu-prod-swc-compressed-staged-data-eu-central-1/eu-prod-b75ee6bf-999f-41dc-a002-a1a9009d2ad6-data/2025/08/26/04/FTD/eu-prod-b75ee6bf-999f-41dc-a002-a1a9009d2ad6-compressed-1-2025-08-26-05-05-05-77fc9d93-51c3-38bc-aebd-06b0a4a989ff.json.gz,2025-08-26 05:12:31,5.80m,77
,,,,,,,,s3://eu-prod-swc-compressed-staged-data-eu-central-1/eu-prod-b75ee6bf-999f-41dc-a002-a1a9009d2ad6-data/2025/08/26/05/FTD/eu-prod-b75ee6bf-999f-41dc-a002-a1a9009d2ad6-compressed-1-2025-08-26-05-00-08-b47e07f4-0f2d-3211-86c6-6227f6b72403.json.gz,2025-08-26 05:06:43,8.00s,16985
,,,,,,,,s3://eu-prod-swc-compressed-staged-data-eu-central-1/eu-prod-b75ee6bf-999f-41dc-a002-a1a9009d2ad6-data/2025/08/26/04/FTD/eu-prod-b75ee6bf-999f-41dc-a002-a1a9009d2ad6-compressed-1-2025-08-26-04-59-08-42d32f1b-025f-3ec2-978f-f72b8d8f334a.json.gz,2025-08-26 05:06:35,6.00m,8085
,,,,,,,,s3://eu-prod-swc-compressed-staged-data-eu-central-1/eu-prod-b75ee6bf-999f-41dc-a002-a1a9009d2ad6-data/2025/08/26/04/FTD/eu-prod-b75ee6bf-999f-41dc-a002-a1a9009d2ad6-compressed-1-2025-08-26-04-53-09-aa67be0b-afe2-36c7-bc41-ae858d67bb5e.json.gz,2025-08-26 05:00:35,N/A (First file),22628
Average Interval:,,3.72m,,,,,,Average Interval:,,2.99m,